"","date","england_daily_cases","england_seven_day_average","wales_daily_cases","wales_seven_day_average","scotland_new_cases","scotland_seven_day_average","northern_ireland_new_cases","northern_ireland_seven_day_average"
"1","2020-03-06",39,18,0,0.142857142857143,5,NA,2,NA
"2","2020-03-07",39,23.1428571428571,0,0.142857142857143,5,NA,2,NA
"3","2020-03-08",58,29.7142857142857,0,0.142857142857143,2,2.57142857142857,5,NA
"4","2020-03-09",40,34.8571428571429,2,0.428571428571429,5,3.14285714285714,3,NA
"5","2020-03-10",46,39.8571428571429,2,0.714285714285714,4,3.71428571428571,0,NA
"6","2020-03-11",63,44.2857142857143,9,2,9,4.71428571428571,2,NA
"7","2020-03-12",99,54.8571428571429,10,3.28571428571429,24,7.71428571428571,1,2.14285714285714
"8","2020-03-13",159,72,13,5.14285714285714,25,10.5714285714286,10,3.28571428571429
"9","2020-03-14",201,95.1428571428571,22,8.28571428571429,36,15,5,3.71428571428571
"10","2020-03-15",253,123,34,13.1428571428571,32,19.2857142857143,11,4.57142857142857
"11","2020-03-16",97,131.142857142857,30,17.1428571428571,18,21.1428571428571,7,5.14285714285714
"12","2020-03-17",361,176.142857142857,12,18.5714285714286,24,24,10,6.57142857142857
"13","2020-03-18",625,256.428571428571,13,19.1428571428571,32,27.2857142857143,6,7.14285714285714
"14","2020-03-19",574,324.285714285714,21,20.7142857142857,39,29.4285714285714,9,8.28571428571429
"15","2020-03-20",628,391.285714285714,21,21.8571428571429,56,33.8571428571429,9,8.14285714285714
"16","2020-03-21",873,487.285714285714,89,31.4285714285714,51,36,22,10.5714285714286
"17","2020-03-22",535,527.571428571429,67,36.1428571428571,43,37.5714285714286,20,11.8571428571429
"18","2020-03-23",793,627,71,42,83,46.8571428571429,20,13.7142857142857
"19","2020-03-24",1258,755.142857142857,60,48.8571428571429,85,55.5714285714286,24,15.7142857142857
"20","2020-03-25",1130,827.285714285714,150,68.4285714285714,135,70.2857142857143,37,20.1428571428571
"21","2020-03-26",1809,1003.71428571429,113,81.5714285714286,175,89.7142857142857,32,23.4285714285714
"22","2020-03-27",2506,1272,180,104.285714285714,165,105.285714285714,34,27
"23","2020-03-28",2139,1452.85714285714,172,116.142857142857,186,124.571428571429,49,30.8571428571429
"24","2020-03-29",2060,1670.71428571429,148,127.714285714286,139,138.285714285714,86,40.2857142857143
"25","2020-03-30",2107,1858.42857142857,210,147.571428571429,179,152,123,55
"26","2020-03-31",2414,2023.57142857143,112,155,430,201.285714285714,53,59.1428571428571
"27","2020-04-01",3630,2380.71428571429,274,172.714285714286,317,227.285714285714,103,68.5714285714286
"28","2020-04-02",3583,2634.14285714286,284,197.142857142857,292,244,85,76.1428571428571
"29","2020-04-03",3576,2787,345,220.714285714286,399,277.428571428571,130,89.8571428571429
"30","2020-04-04",2910,2897.14285714286,387,251.428571428571,344,300,94,96.2857142857143
"31","2020-04-05",5107,3332.42857142857,344,279.428571428571,361,331.714285714286,91,97
"32","2020-04-06",3176,3485.14285714286,302,292.571428571429,255,342.571428571429,69,89.2857142857143
"33","2020-04-07",2978,3565.71428571429,291,318.142857142857,268,319.428571428571,97,95.5714285714286
"34","2020-04-08",4788,3731.14285714286,283,319.428571428571,336,322.142857142857,84,92.8571428571429
"35","2020-04-09",3798,3761.85714285714,16,281.142857142857,392,336.428571428571,138,100.428571428571
"36","2020-04-10",4263,3860,502,303.571428571429,318,324.857142857143,112,97.8571428571429
"37","2020-04-11",3841,3993,340,296.857142857143,315,320.714285714286,128,102.714285714286
"38","2020-04-12",3672,3788,367,300.142857142857,322,315.142857142857,89,102.428571428571
"39","2020-04-13",2999,3762.71428571429,313,301.714285714286,155,300.857142857143,76,103.428571428571
"40","2020-04-14",3854,3887.85714285714,238,294.142857142857,291,304.142857142857,85,101.714285714286
"41","2020-04-15",3188,3659.28571428571,272,292.571428571429,390,311.857142857143,121,107
"42","2020-04-16",3118,3562.14285714286,284,330.857142857143,354,306.428571428571,113,103.428571428571
"43","2020-04-17",3985,3522.42857142857,244,294,307,304.857142857143,137,107
"44","2020-04-18",3548,3480.57142857143,292,287.142857142857,411,318.571428571429,148,109.857142857143
"45","2020-04-19",3607,3471.28571428571,334,282.428571428571,367,325,159,119.857142857143
"46","2020-04-20",2401,3385.85714285714,276,277.142857142857,263,340.428571428571,83,120.857142857143
"47","2020-04-21",3087,3276.28571428571,304,286.571428571429,222,330.571428571429,30,113
"48","2020-04-22",3020,3252.28571428571,274,286.857142857143,366,327.142857142857,116,112.285714285714
"49","2020-04-23",3084,3247.42857142857,234,279.714285714286,371,329.571428571429,142,116.428571428571
"50","2020-04-24",3004,3107.28571428571,243,279.571428571429,288,326.857142857143,106,112
"51","2020-04-25",2826,3004.14285714286,299,280.571428571429,354,318.714285714286,104,105.714285714286
"52","2020-04-26",2152,2796.28571428571,178,258.285714285714,273,305.285714285714,82,94.7142857142857
"53","2020-04-27",2264,2776.71428571429,203,247.857142857143,197,295.857142857143,66,92.2857142857143
"54","2020-04-28",1989,2619.85714285714,232,237.571428571429,200,292.714285714286,34,92.8571428571429
"55","2020-04-29",1403,2388.85714285714,117,215.142857142857,313,285.142857142857,55,84.1428571428571
"56","2020-04-30",2484,2303.14285714286,183,207.857142857143,319,277.714285714286,73,74.2857142857143
"57","2020-05-01",2501,2231.28571428571,160,196,301,279.571428571429,87,71.5714285714286
"58","2020-05-02",2228,2145.85714285714,183,179.428571428571,273,268,66,66.1428571428571
"59","2020-05-03",2019,2126.85714285714,174,178.857142857143,170,253.285714285714,78,65.5714285714286
"60","2020-05-04",1485,2015.57142857143,195,177.714285714286,169,249.285714285714,69,66
"61","2020-05-05",1842,1994.57142857143,145,165.285714285714,171,245.142857142857,45,67.5714285714286
"62","2020-05-06",1611,2024.28571428571,95,162.142857142857,272,239.285714285714,53,67.2857142857143
"63","2020-05-07",2133,1974.14285714286,87,148.428571428571,215,224.428571428571,50,64
"64","2020-05-08",1694,1858.85714285714,152,147.285714285714,225,213.571428571429,38,57
"65","2020-05-09",1349,1733.28571428571,118,138,156,196.857142857143,56,55.5714285714286
"66","2020-05-10",1007,1588.71428571429,223,145,181,198.428571428571,41,50.2857142857143
"67","2020-05-11",891,1503.85714285714,124,134.857142857143,141,194.428571428571,30,44.7142857142857
"68","2020-05-12",1067,1393.14285714286,105,129.142857142857,136,189.428571428571,44,44.5714285714286
"69","2020-05-13",1146,1326.71428571429,133,134.571428571429,166,174.285714285714,60,45.5714285714286
"70","2020-05-14",1189,1191.85714285714,128,140.428571428571,188,170.428571428571,38,43.8571428571429
"71","2020-05-15",1112,1108.71428571429,126,136.714285714286,143,158.714285714286,26,42.1428571428571
"72","2020-05-16",1136,1078.28571428571,183,146,187,163.142857142857,40,39.8571428571429
"73","2020-05-17",788,1047,162,137.285714285714,90,150.142857142857,28,38
"74","2020-05-18",816,1036.28571428571,101,134,57,138.142857142857,16,36
"75","2020-05-19",857,1006.28571428571,166,142.714285714286,61,127.428571428571,20,32.5714285714286
"76","2020-05-20",824,960.285714285714,110,139.428571428571,96,117.428571428571,18,26.5714285714286
"77","2020-05-21",854,912.428571428571,166,144.857142857143,105,105.571428571429,42,27.1428571428571
"78","2020-05-22",1083,908.285714285714,138,146.571428571429,113,101.285714285714,23,26.7142857142857
"79","2020-05-23",979,885.857142857143,185,146.857142857143,72,84.8571428571429,41,26.8571428571429
"80","2020-05-24",584,856.714285714286,140,143.714285714286,60,80.5714285714286,25,26.4285714285714
"81","2020-05-25",494,810.714285714286,106,144.428571428571,55,80.2857142857143,39,29.7142857142857
"82","2020-05-26",492,758.571428571429,141,140.857142857143,29,75.7142857142857,28,30.8571428571429
"83","2020-05-27",609,727.857142857143,97,139,55,69.8571428571429,26,32
"84","2020-05-28",519,680,72,125.571428571429,48,61.7142857142857,16,28.2857142857143
"85","2020-05-29",560,605.285714285714,102,120.428571428571,39,51.1428571428571,17,27.4285714285714
"86","2020-05-30",715,567.571428571429,86,106.285714285714,55,48.7142857142857,13,23.4285714285714
"87","2020-05-31",320,529.857142857143,82,98,18,42.7142857142857,7,20.8571428571429
"88","2020-06-01",294,501.285714285714,59,91.2857142857143,18,37.4285714285714,12,17
"89","2020-06-02",444,494.428571428571,67,80.7142857142857,53,40.8571428571429,4,13.5714285714286
"90","2020-06-03",462,473.428571428571,82,78.5714285714286,33,37.7142857142857,8,11
"91","2020-06-04",431,460.857142857143,35,73.2857142857143,49,37.8571428571429,33,13.4285714285714
"92","2020-06-05",451,445.285714285714,76,69.5714285714286,29,36.4285714285714,3,11.4285714285714
"93","2020-06-06",422,403.428571428571,42,63.2857142857143,21,31.5714285714286,14,11.5714285714286
"94","2020-06-07",228,390.285714285714,40,57.2857142857143,18,31.5714285714286,6,11.4285714285714
"95","2020-06-08",92,361.428571428571,42,54.8571428571429,18,31.5714285714286,6,10.5714285714286
"96","2020-06-09",651,391,42,51.2857142857143,14,26,3,10.4285714285714
"97","2020-06-10",63,334,38,45,12,23,13,11.1428571428571
"98","2020-06-11",304,315.857142857143,63,49,17,18.4285714285714,4,7
"99","2020-06-12",392,307.428571428571,77,49.1428571428571,27,18.1428571428571,16,8.85714285714286
"100","2020-06-13",372,300.285714285714,45,49.5714285714286,21,18.1428571428571,3,7.28571428571429
"101","2020-06-14",292,309.428571428571,39,49.4285714285714,25,19.1428571428571,7,7.42857142857143
"102","2020-06-15",219,327.571428571429,62,52.2857142857143,29,20.7142857142857,4,7.14285714285714
"103","2020-06-16",252,270.571428571429,65,55.5714285714286,15,20.8571428571429,2,7
"104","2020-06-17",252,297.571428571429,53,57.7142857142857,21,22.1428571428571,8,6.28571428571429
"105","2020-06-18",281,294.285714285714,48,55.5714285714286,11,21.2857142857143,1,5.85714285714286
"106","2020-06-19",323,284.428571428571,31,49,27,21.2857142857143,3,4
"107","2020-06-20",324,277.571428571429,25,46.1428571428571,26,22,0,3.57142857142857
"108","2020-06-21",215,266.571428571429,100,54.8571428571429,26,22.1428571428571,4,3.14285714285714
"109","2020-06-22",178,260.714285714286,71,56.1428571428571,14,20,1,2.71428571428571
"110","2020-06-23",210,254.714285714286,51,54.1428571428571,12,19.5714285714286,0,2.42857142857143
"111","2020-06-24",107,234,47,53.2857142857143,9,17.8571428571429,2,1.57142857142857
"112","2020-06-25",261,231.142857142857,125,64.2857142857143,5,17,1,1.57142857142857
"113","2020-06-26",175,210,65,69.1428571428571,17,15.5714285714286,4,1.71428571428571
"114","2020-06-27",192,191.142857142857,46,72.1428571428571,15,14,2,2
"115","2020-06-28",142,180.714285714286,25,61.4285714285714,8,11.4285714285714,1,1.57142857142857
"116","2020-06-29",99,169.428571428571,116,67.8571428571429,5,10.1428571428571,6,2.28571428571429
"117","2020-06-30",196,167.428571428571,26,64.2857142857143,10,9.85714285714286,3,2.71428571428571
"118","2020-07-01",177,177.428571428571,32,62.1428571428571,8,9.71428571428571,1,2.57142857142857
"119","2020-07-02",523,214.857142857143,41,50.1428571428571,5,9.71428571428571,7,3.42857142857143
"120","2020-07-03",502,261.571428571429,26,44.5714285714286,12,9,4,3.42857142857143
"121","2020-07-04",579,316.857142857143,34,42.8571428571429,11,8.42857142857143,0,3.14285714285714
"122","2020-07-05",492,366.857142857143,15,41.4285714285714,9,8.57142857142857,0,3
"123","2020-07-06",331,400,8,26,4,8.42857142857143,0,2.14285714285714
"124","2020-07-07",572,453.714285714286,2,22.5714285714286,2,7.28571428571429,5,2.42857142857143
"125","2020-07-08",606,515,13,19.8571428571429,7,7.14285714285714,4,2.85714285714286
"126","2020-07-09",617,528.428571428571,16,16.2857142857143,6,7.28571428571429,3,2.28571428571429
"127","2020-07-10",480,525.285714285714,10,14,18,8.14285714285714,4,2.28571428571429
"128","2020-07-11",806,557.714285714286,7,10.1428571428571,7,7.57142857142857,0,2.28571428571429
"129","2020-07-12",615,575.285714285714,16,10.2857142857143,19,9,0,2.28571428571429
"130","2020-07-13",497,599,11,10.7142857142857,6,9.28571428571429,0,2.28571428571429
"131","2020-07-14",372,570.428571428571,21,13.4285714285714,3,9.42857142857143,2,1.85714285714286
"132","2020-07-15",506,556.142857142857,18,14.1428571428571,5,9.14285714285714,9,2.57142857142857
"133","2020-07-16",597,553.285714285714,18,14.4285714285714,11,9.85714285714286,16,4.42857142857143
"134","2020-07-17",635,575.428571428571,16,15.2857142857143,17,9.71428571428571,19,6.57142857142857
"135","2020-07-18",796,574,10,15.7142857142857,21,11.7142857142857,0,6.57142857142857
"136","2020-07-19",672,582.142857142857,31,17.8571428571429,23,12.2857142857143,0,6.57142857142857
"137","2020-07-20",535,587.571428571429,15,18.4285714285714,7,12.4285714285714,0,6.57142857142857
"138","2020-07-21",399,591.428571428571,22,18.5714285714286,22,15.1428571428571,2,6.57142857142857
"139","2020-07-22",519,593.285714285714,22,19.1428571428571,10,15.8571428571429,9,6.57142857142857
"140","2020-07-23",702,608.285714285714,43,22.7142857142857,16,16.5714285714286,8,5.42857142857143
"141","2020-07-24",688,615.857142857143,45,26.8571428571429,20,17,15,4.85714285714286
"142","2020-07-25",710,603.571428571429,30,29.7142857142857,27,17.8571428571429,0,4.85714285714286
"143","2020-07-26",721,610.571428571429,22,28.4285714285714,4,15.1428571428571,0,4.85714285714286
"144","2020-07-27",616,622.142857142857,45,32.7142857142857,3,14.5714285714286,0,4.85714285714286
"145","2020-07-28",547,643.285714285714,21,32.5714285714286,4,12,9,5.85714285714286
"146","2020-07-29",700,669.142857142857,32,34,22,13.7142857142857,9,5.85714285714286
"147","2020-07-30",812,684.857142857143,9,29.1428571428571,17,13.8571428571429,8,5.85714285714286
"148","2020-07-31",814,702.857142857143,26,26.4285714285714,30,15.2857142857143,10,5.14285714285714
"149","2020-08-01",722,704.571428571429,21,25.1428571428571,18,14,0,5.14285714285714
"150","2020-08-02",676,698.142857142857,37,27.2857142857143,31,17.8571428571429,0,5.14285714285714
"151","2020-08-03",856,732.428571428571,24,24.2857142857143,18,20,0,5.14285714285714
"152","2020-08-04",617,742.428571428571,22,24.4285714285714,23,22.7142857142857,8,5
"153","2020-08-05",804,757.285714285714,14,21.8571428571429,64,28.7142857142857,10,5.14285714285714
"154","2020-08-06",826,759.285714285714,15,22.7142857142857,66,35.7142857142857,43,10.1428571428571
"155","2020-08-07",796,756.714285714286,17,21.4285714285714,43,37.5714285714286,15,10.8571428571429
"156","2020-08-08",679,750.571428571429,19,21.1428571428571,60,43.5714285714286,0,10.8571428571429
"157","2020-08-09",988,795.142857142857,26,19.5714285714286,48,46,0,10.8571428571429
"158","2020-08-10",699,772.714285714286,12,17.8571428571429,29,47.5714285714286,0,10.8571428571429
"159","2020-08-11",1035,832.428571428571,13,16.5714285714286,52,51.7142857142857,48,16.5714285714286
"160","2020-08-12",925,849.714285714286,8,15.7142857142857,47,49.2857142857143,29,19.2857142857143
"161","2020-08-13",1059,883,15,15.7142857142857,47,46.5714285714286,8,14.2857142857143
"162","2020-08-14",1284,952.714285714286,18,15.8571428571429,65,49.7142857142857,74,22.7142857142857
"163","2020-08-15",934,989.142857142857,27,17,51,48.4285714285714,65,32
"164","2020-08-16",952,984,18,15.8571428571429,43,47.7142857142857,27,35.8571428571429
"165","2020-08-17",634,974.714285714286,14,16.1428571428571,26,47.2857142857143,39,41.4285714285714
"166","2020-08-18",975,966.142857142857,24,17.7142857142857,49,46.8571428571429,41,40.4285714285714
"167","2020-08-19",707,935,21,19.5714285714286,50,47.2857142857143,34,41.1428571428571
"168","2020-08-20",1035,931.571428571429,19,20.1428571428571,77,51.5714285714286,51,47.2857142857143
"169","2020-08-21",908,877.857142857143,34,22.4285714285714,71,52.4285714285714,20,39.5714285714286
"170","2020-08-22",1060,895.857142857143,34,23.4285714285714,123,62.7142857142857,71,40.4285714285714
"171","2020-08-23",938,893.857142857143,20,23.7142857142857,83,68.4285714285714,119,53.5714285714286
"172","2020-08-24",758,911.571428571429,19,24.4285714285714,66,74.1428571428571,10,49.4285714285714
"173","2020-08-25",1065,924.428571428571,28,25,44,73.4285714285714,47,50.2857142857143
"174","2020-08-26",875,948.428571428571,34,26.8571428571429,67,75.8571428571429,72,55.7142857142857
"175","2020-08-27",1350,993.428571428571,35,29.1428571428571,68,74.5714285714286,69,58.2857142857143
"176","2020-08-28",1106,1021.71428571429,34,29.1428571428571,51,71.7142857142857,85,67.5714285714286
"177","2020-08-29",891,997.571428571429,40,30,88,66.7142857142857,89,70.1428571428571
"178","2020-08-30",1487,1076,56,35.1428571428571,123,72.4285714285714,49,60.1428571428571
"179","2020-08-31",1149,1131.85714285714,39,38,160,85.8571428571429,58,67
"180","2020-09-01",1041,1128.42857142857,51,41.2857142857143,154,101.571428571429,49,67.2857142857143
"181","2020-09-02",1239,1180.42857142857,42,42.4285714285714,156,114.285714285714,71,67.1428571428571
"182","2020-09-03",1507,1202.85714285714,50,44.5714285714286,101,119,77,68.2857142857143
"183","2020-09-04",1669,1283.28571428571,51,47,159,134.428571428571,61,64.8571428571429
"184","2020-09-05",1477,1367,77,52.2857142857143,141,142,118,69
"185","2020-09-06",2576,1522.57142857143,98,58.2857142857143,208,154.142857142857,106,77.1428571428571
"186","2020-09-07",2528,1719.57142857143,133,71.7142857142857,146,152.142857142857,141,89
"187","2020-09-08",2094,1870,150,85.8571428571429,176,155.285714285714,40,87.7142857142857
"188","2020-09-09",2286,2019.57142857143,165,103.428571428571,159,155.714285714286,49,84.5714285714286
"189","2020-09-10",2578,2172.57142857143,102,110.857142857143,161,164.285714285714,78,84.7142857142857
"190","2020-09-11",3143,2383.14285714286,133,122.571428571429,175,166.571428571429,88,88.5714285714286
"191","2020-09-12",3008,2601.85714285714,164,135,221,178,104,86.5714285714286
"192","2020-09-13",2837,2639.14285714286,162,144.142857142857,244,183.142857142857,87,83.8571428571429
"193","2020-09-14",2259,2600.71428571429,183,151.285714285714,70,172.285714285714,109,79.2857142857143
"194","2020-09-15",2649,2680,110,145.571428571429,267,185.285714285714,79,84.8571428571429
"195","2020-09-16",3396,2838.57142857143,199,150.428571428571,267,200.714285714286,129,96.2857142857143
"196","2020-09-17",2788,2868.57142857143,168,159.857142857143,290,219.142857142857,149,106.428571428571
"197","2020-09-18",3771,2958.28571428571,185,167.285714285714,203,223.142857142857,163,117.142857142857
"198","2020-09-19",3638,3048.28571428571,212,174.142857142857,350,241.571428571429,222,134
"199","2020-09-20",3279,3111.42857142857,199,179.428571428571,245,241.714285714286,176,146.714285714286
"200","2020-09-21",3754,3325,234,186.714285714286,255,268.142857142857,125,149
"201","2020-09-22",4187,3544.71428571429,281,211.142857142857,383,284.714285714286,75,148.428571428571
"202","2020-09-23",5083,3785.71428571429,389,238.285714285714,486,316,220,161.428571428571
"203","2020-09-24",5632,4192,348,264,465,341,189,167.142857142857
"204","2020-09-25",5723,4470.85714285714,320,283.285714285714,558,391.714285714286,273,182.857142857143
"205","2020-09-26",4639,4613.85714285714,370,305.857142857143,714,443.714285714286,319,196.714285714286
"206","2020-09-27",4800,4831.14285714286,362,329.142857142857,344,457.857142857143,187,198.285714285714
"207","2020-09-28",3316,4768.57142857143,286,336.571428571429,222,453.142857142857,220,211.857142857143
"208","2020-09-29",5651,4977.71428571429,366,348.714285714286,806,513.571428571429,320,246.857142857143
"209","2020-09-30",5656,5059.57142857143,388,348.571428571429,640,535.571428571429,424,276
"210","2020-10-01",5589,5053.42857142857,398,355.714285714286,668,564.571428571429,259,286
"211","2020-10-02",4797,4921.14285714286,462,376,775,595.571428571429,934,380.428571428571
"212","2020-10-03",10806,5802.14285714286,576,405.428571428571,764,602.714285714286,726,438.571428571429
"213","2020-10-04",21309,8160.57142857143,432,415.428571428571,758,661.857142857143,462,477.857142857143
"214","2020-10-05",10685,9213.28571428571,596,459.714285714286,697,729.714285714286,616,534.428571428571
"215","2020-10-06",12648,10212.8571428571,425,468.142857142857,800,728.857142857143,669,584.285714285714
"216","2020-10-07",11528,11051.7142857143,752,520.142857142857,1054,788,828,642
"217","2020-10-08",14952,12389.2857142857,638,554.428571428571,1027,839.285714285714,923,736.857142857143
"218","2020-10-09",10772,13242.8571428571,766,597.857142857143,1246,906.571428571429,1080,757.714285714286
"219","2020-10-10",12628,13503.1428571429,627,605.142857142857,1009,941.571428571429,902,782.857142857143
"220","2020-10-11",10383,11942.2857142857,467,610.142857142857,956,969.857142857143,1066,869.142857142857
"221","2020-10-12",11647,12079.7142857143,487,594.571428571429,961,1007.57142857143,877,906.428571428571
"222","2020-10-13",14310,12317.1428571429,764,643,1297,1078.57142857143,863,934.142857142857
"223","2020-10-14",16132,12974.8571428571,946,670.714285714286,1429,1132.14285714286,1217,989.714285714286
"224","2020-10-15",16139,13144.4285714286,727,683.428571428571,1351,1178.42857142857,763,966.857142857143
"225","2020-10-16",12176,13345,979,713.857142857143,1196,1171.28571428571,1299,998.142857142857
"226","2020-10-17",13299,13440.8571428571,674,720.571428571429,1167,1193.85714285714,1031,1016.57142857143
"227","2020-10-18",14704,14058.1428571429,950,789.571428571429,316,1102.42857142857,1012,1008.85714285714
"228","2020-10-19",16365,14732.1428571429,626,809.428571428571,993,1107,820,1000.71428571429
"229","2020-10-20",17814,15232.7142857143,1148,864.285714285714,1456,1129.71428571429,913,1007.85714285714
"230","2020-10-21",22948,16206.4285714286,962,866.571428571429,1739,1174,1039,982.428571428571
"231","2020-10-22",17354,16380,1134,924.714285714286,1712,1225.57142857143,1042,1022.28571428571
"232","2020-10-23",17116,17085.7142857143,761,893.571428571429,1401,1254.85714285714,1252,1015.57142857143
"233","2020-10-24",19332,17947.5714285714,1324,986.428571428571,1433,1292.85714285714,923,1000.14285714286
"234","2020-10-25",16487,18202.2857142857,1104,1008.42857142857,1303,1433.85714285714,896,983.571428571429
"235","2020-10-26",17883,18419.1428571429,1158,1084.42857142857,1122,1452.28571428571,727,970.285714285714
"236","2020-10-27",19629,18678.4285714286,1207,1092.85714285714,1327,1433.85714285714,722,943
"237","2020-10-28",21245,18435.1428571429,1414,1157.42857142857,1202,1357.14285714286,840,914.571428571429
"238","2020-10-29",19740,18776,1375,1191.85714285714,1128,1273.71428571429,822,883.142857142857
"239","2020-10-30",20821,19305.2857142857,1737,1331.28571428571,1281,1256.57142857143,566,785.142857142857
"240","2020-10-31",18864,19238.4285714286,1301,1328,1101,1209.14285714286,649,746
"241","2020-11-01",20602,19826.2857142857,819,1287.28571428571,1148,1187,685,715.857142857143
"242","2020-11-02",15860,19537.2857142857,1646,1357,951,1162.57142857143,493,682.428571428571
"243","2020-11-03",17330,19208.8571428571,1119,1344.42857142857,999,1115.71428571429,570,660.714285714286
"244","2020-11-04",21863,19297.1428571429,1202,1314.14285714286,1433,1148.71428571429,679,637.714285714286
"245","2020-11-05",21137,19496.7142857143,1272,1299.42857142857,1216,1161.28571428571,516,594
"246","2020-11-06",20268,19417.7142857143,1352,1244.42857142857,1072,1131.42857142857,595,598.142857142857
"247","2020-11-07",21875,19847.8571428571,958,1195.42857142857,1596,1202.14285714286,528,580.857142857143
"248","2020-11-08",18293,19518,744,1184.71428571429,1115,1197.42857142857,420,543
"249","2020-11-09",19036,19971.7142857143,931,1082.57142857143,912,1191.85714285714,471,539.857142857143
"250","2020-11-10",18622,20156.2857142857,444,986.142857142857,832,1168,514,531.857142857143
"251","2020-11-11",19970,19885.8571428571,928,947,1261,1143.42857142857,791,547.857142857143
"252","2020-11-12",30843,21272.4285714286,867,889.142857142857,1212,1142.85714285714,548,552.428571428571
"253","2020-11-13",24540,21882.7142857143,797,809.857142857143,1357,1183.57142857143,607,554.142857142857
"254","2020-11-14",24298,22228.8571428571,933,806.285714285714,1118,1115.28571428571,511,551.714285714286
"255","2020-11-15",21998,22758.1428571429,1333,890.428571428571,1159,1121.57142857143,472,559.142857142857
"256","2020-11-16",19423,22813.4285714286,892,884.857142857143,717,1093.71428571429,331,539.142857142857
"257","2020-11-17",17549,22660.1428571429,705,922.142857142857,1248,1153.14285714286,549,544.142857142857
"258","2020-11-18",17189,22262.8571428571,638,880.714285714286,1264,1153.57142857143,518,505.142857142857
"259","2020-11-19",20291,20755.4285714286,1048,906.571428571429,1089,1136,487,496.428571428571
"260","2020-11-20",17845,19799,1020,938.428571428571,1018,1087.57142857143,369,462.428571428571
"261","2020-11-21",17615,18844.2857142857,1016,950.285714285714,887,1054.57142857143,357,440.428571428571
"262","2020-11-22",16668,18082.8571428571,808,875.285714285714,844,1009.57142857143,342,421.857142857143
"263","2020-11-23",13329,17212.2857142857,892,875.285714285714,949,1042.71428571429,280,414.571428571429
"264","2020-11-24",9854,16113,595,859.571428571429,771,974.571428571429,79,347.428571428571
"265","2020-11-25",15893,15927.8571428571,907,898,880,919.714285714286,533,349.571428571429
"266","2020-11-26",14637,15120.1428571429,1251,927,1225,939.142857142857,442,343.142857142857
"267","2020-11-27",13557,14507.5714285714,1105,939.142857142857,969,932.142857142857,391,346.285714285714
"268","2020-11-28",13323,13894.4285714286,1445,1000.42857142857,788,918,315,340.285714285714
"269","2020-11-29",10054,12949.5714285714,1004,1028.42857142857,746,904,351,341.571428571429
"270","2020-11-30",10869,12598.1428571429,802,1015.57142857143,369,821.142857142857,290,343
"271","2020-12-01",11618,12850.1428571429,667,1025.85714285714,754,818.714285714286,391,387.571428571429
"272","2020-12-02",13323,12483,1480,1107.71428571429,951,828.857142857143,416,370.857142857143
"273","2020-12-03",11992,12105.1428571429,1473,1139.42857142857,958,790.714285714286,456,372.857142857143
"274","2020-12-04",13412,12084.4285714286,1471,1191.71428571429,966,790.285714285714,449,381.142857142857
"275","2020-12-05",12666,11990.5714285714,1645,1220.28571428571,777,788.714285714286,451,400.571428571429
"276","2020-12-06",14294,12596.2857142857,1916,1350.57142857143,643,774,419,410.285714285714
"277","2020-12-07",11623,12704,2021,1524.71428571429,677,818,397,425.571428571429
"278","2020-12-08",10459,12538.4285714286,780,1540.85714285714,692,809.142857142857,351,419.857142857143
"279","2020-12-09",12960,12486.5714285714,2238,1649.14285714286,897,801.428571428571,483,429.428571428571
"280","2020-12-10",17622,13290.8571428571,1968,1719.85714285714,933,797.857142857143,441,427.285714285714
"281","2020-12-11",17899,13931.8571428571,2234,1828.85714285714,1001,802.857142857143,538,440
"282","2020-12-12",17468,14617.8571428571,2494,1950.14285714286,1064,843.857142857143,476,443.571428571429
"283","2020-12-13",17164,15027.8571428571,0,1676.42857142857,800,866.285714285714,483,452.714285714286
"284","2020-12-14",17882,15922,1228,1563.14285714286,734,874.428571428571,419,455.857142857143
"285","2020-12-15",16504,16785.5714285714,615,1539.57142857143,845,896.285714285714,486,475.142857142857
"286","2020-12-16",23432,18281.5714285714,530,1295.57142857143,689,866.571428571429,510,479
"287","2020-12-17",22401,18964.2857142857,11468,2652.71428571429,858,855.857142857143,656,509.714285714286
"288","2020-12-18",24452,19900.4285714286,2801,2733.71428571429,744,819.142857142857,510,505.714285714286
"289","2020-12-19",22775,20658.5714285714,3065,2815.28571428571,572,748.857142857143,640,529.142857142857
"290","2020-12-20",32155,22800.1428571429,2334,3148.71428571429,934,768,505,532.285714285714
"291","2020-12-21",28742,24351.5714285714,2563,3339.42857142857,1504,878,555,551.714285714286
"292","2020-12-22",32288,26606.4285714286,2761,3646,1316,945.285714285714,439,545
"293","2020-12-23",34247,28151.4285714286,3013,4000.71428571429,1190,1016.85714285714,787,584.571428571429
"294","2020-12-24",35561,30031.4285714286,2161,2671.14285714286,1314,1082,841,611
"295","2020-12-25",31560,31046.8571428571,0,2271,1165,1142.14285714286,0,538.142857142857
"296","2020-12-26",31307,32265.7142857143,2237,2152.71428571429,1149,1224.57142857143,998,589.285714285714
"297","2020-12-27",25619,31332,4142,2411,740,1196.85714285714,0,517.142857142857
"298","2020-12-28",36511,32441.8571428571,2273,2369.57142857143,967,1120.14285714286,1634,671.285714285714
"299","2020-12-29",47164,34567,2510,2333.71428571429,1895,1202.85714285714,1566,832.285714285714
"300","2020-12-30",43554,35896.5714285714,2281,2229.14285714286,2045,1325,2143,1026
"301","2020-12-31",49510,37889.2857142857,1831,2182,2622,1511.85714285714,1929,1181.42857142857
"302","2021-01-01",50746,40630.1428571429,0,2182,2539,1708.14285714286,0,1181.42857142857
"303","2021-01-02",49248,43193.1428571429,2764,2257.28571428571,2137,1849.28571428571,3576,1549.71428571429
"304","2021-01-03",46853,46226.5714285714,4011,2238.57142857143,2464,2095.57142857143,1662,1787.14285714286
"305","2021-01-04",53180,48607.8571428571,1898,2185,1905,2229.57142857143,1801,1811
"306","2021-01-05",54940,49718.7142857143,2069,2122,2529,2320.14285714286,1378,1784.14285714286
"307","2021-01-06",56060,51505.2857142857,2238,2115.85714285714,2039,2319.28571428571,1985,1761.57142857143
"308","2021-01-07",46841,51124,1718,2099.71428571429,2649,2323.14285714286,1410,1687.42857142857
"309","2021-01-08",61757,52697,2487,2455,2309,2290.28571428571,1500,1901.71428571429
"310","2021-01-09",54257,53412.5714285714,2373,2399.14285714286,1865,2251.42857142857,1442,1596.85714285714
"311","2021-01-10",50291,53903.7142857143,1660,2063.28571428571,1877,2167.57142857143,1112,1518.28571428571
"312","2021-01-11",41835,52283,1793,2048.28571428571,1782,2150,759,1369.42857142857
"313","2021-01-12",41121,50308.8571428571,1332,1943,1875,2056.57142857143,1205,1344.71428571429
"314","2021-01-13",42898,48428.5714285714,1533,1842.28571428571,1949,2043.71428571429,1145,1224.71428571429
"315","2021-01-14",44358,48073.8571428571,1644,1831.71428571429,1707,1909.14285714286,973,1162.28571428571
"316","2021-01-15",50741,46500.1428571429,1808,1734.71428571429,2160,1887.85714285714,1052,1098.28571428571
"317","2021-01-16",37759,44143.2857142857,1129,1557,1753,1871.85714285714,705,993
"318","2021-01-17",35263,41996.4285714286,1172,1487.28571428571,1341,1795.28571428571,822,951.571428571429
"319","2021-01-18",34134,40896.2857142857,1332,1421.42857142857,1429,1744.85714285714,640,934.571428571429
"320","2021-01-19",30371,39360.5714285714,1106,1389.14285714286,1165,1643.42857142857,713,864.285714285714
"321","2021-01-20",35061,38241,1283,1353.42857142857,1656,1601.57142857143,905,830
"322","2021-01-21",34371,36814.2857142857,1153,1283.28571428571,1636,1591.42857142857,732,795.571428571429
"323","2021-01-22",37115,34867.7142857143,801,1139.42857142857,1480,1494.28571428571,865,768.857142857143
"324","2021-01-23",30496,33830.1428571429,1079,1132.28571428571,1307,1430.57142857143,670,763.857142857143
"325","2021-01-24",27580,32732.5714285714,796,1078.57142857143,1195,1409.71428571429,433,708.285714285714
"326","2021-01-25",20149,30734.7142857143,872,1012.85714285714,752,1313,422,677.142857142857
"327","2021-01-26",17920,28956,570,936.285714285714,1049,1296.42857142857,550,653.857142857143
"328","2021-01-27",22914,27220.7142857143,537,829.714285714286,1330,1249.85714285714,527,599.857142857143
"329","2021-01-28",26182,26050.8571428571,705,765.714285714286,1201,1187.71428571429,592,579.857142857143
"330","2021-01-29",26709,24564.2857142857,546,729.285714285714,1155,1141.28571428571,669,551.857142857143
"331","2021-01-30",21089,23220.4285714286,737,680.428571428571,994,1096.57142857143,455,521.142857142857
"332","2021-01-31",19054,22002.4285714286,605,653.142857142857,1003,1069.14285714286,426,520.142857142857
"333","2021-02-01",16815,21526.1428571429,630,618.571428571429,848,1082.85714285714,314,504.714285714286
"334","2021-02-02",15021,21112,614,624.857142857143,758,1041.28571428571,447,490
"335","2021-02-03",17265,20305,455,613.142857142857,978,991,504,486.714285714286
"336","2021-02-04",18529,19211.7142857143,544,590.142857142857,1149,983.571428571429,412,461
"337","2021-02-05",17314,17869.5714285714,399,569.142857142857,895,946.428571428571,506,437.714285714286
"338","2021-02-06",16302,17185.7142857143,675,560.285714285714,895,932.285714285714,390,428.428571428571
"339","2021-02-07",14466,16530.2857142857,461,539.714285714286,584,872.428571428571,334,415.285714285714
"340","2021-02-08",12270,15881,610,536.857142857143,928,883.857142857143,296,412.714285714286
"341","2021-02-09",10916,15294.5714285714,351,499.285714285714,822,893,275,388.142857142857
"342","2021-02-10",11551,14478.2857142857,323,480.428571428571,803,868,336,364.142857142857
"343","2021-02-11",12001,13545.7142857143,410,461.285714285714,830,822.428571428571,253,341.428571428571
"344","2021-02-12",13299,12972.1428571429,608,491.142857142857,830,813.142857142857,407,327.285714285714
"345","2021-02-13",11697,12314.2857142857,400,451.857142857143,908,815,303,314.857142857143
"346","2021-02-14",9499,11604.7142857143,394,442.285714285714,903,860.571428571429,176,292.285714285714
"347","2021-02-15",8609,11081.7142857143,363,407,559,807.857142857143,234,283.428571428571
"348","2021-02-16",9236,10841.7142857143,275,396.142857142857,773,800.857142857143,341,292.857142857143
"349","2021-02-17",10926,10752.4285714286,374,403.428571428571,1121,846.285714285714,297,287.285714285714
"350","2021-02-18",10740,10572.2857142857,290,386.285714285714,685,825.571428571429,342,300
"351","2021-02-19",10296,10143.2857142857,533,375.571428571429,885,833.428571428571,313,286.571428571429
"352","2021-02-20",8964,9752.85714285714,363,370.285714285714,803,818.428571428571,276,282.714285714286
"353","2021-02-21",8408,9597,336,362,827,807.571428571429,263,295.142857142857
"354","2021-02-22",9420,9712.85714285714,319,355.714285714286,715,829.857142857143,187,288.428571428571
"355","2021-02-23",7292,9435.14285714286,317,361.714285714286,655,813,225,271.857142857143
"356","2021-02-24",8644,9109.14285714286,236,342,798,766.857142857143,260,266.571428571429
"357","2021-02-25",8623,8806.71428571429,312,345.142857142857,769,778.857142857143,281,257.857142857143
"358","2021-02-26",7393,8392,308,313,581,735.428571428571,241,247.571428571429
"359","2021-02-27",6527,8043.85714285714,198,289.428571428571,525,695.714285714286,184,234.428571428571
"360","2021-02-28",5080,7568.42857142857,247,276.714285714286,572,659.285714285714,136,216.285714285714
"361","2021-03-01",4738,6899.57142857143,193,258.714285714286,386,612.285714285714,138,209.285714285714
"362","2021-03-02",5530,6647.85714285714,170,237.714285714286,542,596.142857142857,149,198.428571428571
"363","2021-03-03",5408,6185.57142857143,208,233.714285714286,543,559.714285714286,226,193.571428571429
"364","2021-03-04",5643,5759.85714285714,267,227.285714285714,500,521.285714285714,163,176.714285714286
"365","2021-03-05",5053,5425.57142857143,230,216.142857142857,498,509.428571428571,166,166
"366","2021-03-06",5118,5224.28571428571,195,215.714285714286,555,513.714285714286,172,164.285714285714
"367","2021-03-07",4497,5141,152,202.142857142857,390,487.714285714286,138,164.571428571429
"368","2021-03-08",3903,5021.71428571429,164,198,501,504.142857142857,144,165.428571428571
"369","2021-03-09",4894,4930.85714285714,166,197.428571428571,466,493.285714285714,240,178.428571428571
"370","2021-03-10",4863,4853,225,199.857142857143,691,514.428571428571,147,167.142857142857
"371","2021-03-11",5744,4867.42857142857,195,189.571428571429,591,527.428571428571,223,175.714285714286
"372","2021-03-12",5529,4935.42857142857,190,183.857142857143,682,553.714285714286,208,181.714285714286
"373","2021-03-13",4539,4852.71428571429,210,186,639,565.714285714286,146,178
"374","2021-03-14",3774,4749.42857142857,217,195.285714285714,484,579.142857142857,143,178.714285714286
"375","2021-03-15",4264,4801,248,207.285714285714,456,572.714285714286,121,175.428571428571
"376","2021-03-16",4391,4729.14285714286,142,203.857142857143,597,591.428571428571,164,164.571428571429
"377","2021-03-17",4827,4724,145,192.428571428571,625,582,161,166.571428571429
"378","2021-03-18",5213,4648.14285714286,297,207,624,586.714285714286,169,158.857142857143
"379","2021-03-19",3809,4402.42857142857,201,208.571428571429,655,582.857142857143,137,148.714285714286
"380","2021-03-20",4732,4430,208,208.285714285714,488,561.285714285714,159,150.571428571429
"381","2021-03-21",4459,4527.85714285714,196,205.285714285714,532,568.142857142857,125,148
"382","2021-03-22",4746,4596.71428571429,150,191.285714285714,359,554.285714285714,87,143.142857142857
"383","2021-03-23",4583,4624.14285714286,127,189.142857142857,495,539.714285714286,174,144.571428571429
"384","2021-03-24",4615,4593.85714285714,159,191.142857142857,692,549.285714285714,139,141.428571428571
"385","2021-03-25",5286,4604.28571428571,227,181.142857142857,701,560.285714285714,183,143.428571428571
"386","2021-03-26",5273,4813.42857142857,190,179.571428571429,543,544.285714285714,181,149.714285714286
"387","2021-03-27",3813,4682.14285714286,201,178.571428571429,563,555,138,146.714285714286
"388","2021-03-28",3153,4495.57142857143,171,175,422,539.285714285714,116,145.428571428571
"389","2021-03-29",4112,4405,125,171.428571428571,352,538.285714285714,65,142.285714285714
"390","2021-03-30",3384,4233.71428571429,94,166.714285714286,411,526.285714285714,151,139
"391","2021-03-31",3327,4049.71428571429,60,152.571428571429,542,504.857142857143,123,136.714285714286
"392","2021-04-01",3784,3835.14285714286,188,147,400,461.857142857143,107,125.857142857143
"393","2021-04-02",2881,3493.42857142857,0,119.857142857143,414,443.428571428571,107,115.285714285714
"394","2021-04-03",2847,3355.42857142857,95,104.714285714286,397,419.714285714286,84,107.571428571429
"395","2021-04-04",1954,3184.14285714286,0,80.2857142857143,343,408.428571428571,0,91
"396","2021-04-05",2236,2916.14285714286,189,89.4285714285714,248,393.571428571429,89,94.4285714285714
"397","2021-04-06",1937,2709.42857142857,126,94,259,371.857142857143,57,81
"398","2021-04-07",2304,2563.28571428571,82,97.1428571428571,289,335.714285714286,88,76
"399","2021-04-08",2486,2377.85714285714,82,82,364,330.571428571429,98,74.7142857142857
"400","2021-04-09",2638,2343.14285714286,114,98.2857142857143,285,312.142857142857,113,75.5714285714286
"401","2021-04-10",2032,2226.71428571429,130,103.285714285714,281,295.571428571429,146,84.4285714285714
"402","2021-04-11",1338,2138.71428571429,53,110.857142857143,250,282.285714285714,89,97.1428571428571
"403","2021-04-12",3222,2279.57142857143,50,91,199,275.285714285714,97,98.2857142857143
"404","2021-04-13",2070,2298.57142857143,69,82.8571428571429,221,269.857142857143,112,106.142857142857
"405","2021-04-14",2054,2262.85714285714,62,80,278,268.285714285714,97,107.428571428571
"406","2021-04-15",2171,2217.85714285714,105,83.2857142857143,237,250.142857142857,159,116.142857142857
"407","2021-04-16",2225,2158.85714285714,48,73.8571428571429,204,238.571428571429,119,117
"408","2021-04-17",1897,2139.57142857143,0,55.2857142857143,210,228.428571428571,99,110.285714285714
"409","2021-04-18",1495,2162,94,61.1428571428571,211,222.857142857143,82,109.285714285714
"410","2021-04-19",2550,2066,102,68.5714285714286,232,227.571428571429,79,106.714285714286
"411","2021-04-20",2169,2080.14285714286,53,66.2857142857143,178,221.428571428571,124,108.428571428571
"412","2021-04-21",1943,2064.28571428571,64,66.5714285714286,273,220.714285714286,116,111.142857142857
"413","2021-04-22",2315,2084.85714285714,63,60.5714285714286,231,219.857142857143,120,105.571428571429
"414","2021-04-23",2277,2092.28571428571,58,62,255,227.142857142857,88,101.142857142857
"415","2021-04-24",1804,2079,0,62,177,222.428571428571,80,98.4285714285714
"416","2021-04-25",1401,2065.57142857143,62,57.4285714285714,176,217.428571428571,73,97.1428571428571
"417","2021-04-26",1752,1951.57142857143,97,56.7142857142857,142,204.571428571429,73,96.2857142857143
"418","2021-04-27",2410,1986,33,53.8571428571429,133,198.142857142857,109,94.1428571428571
"419","2021-04-28",1829,1969.71428571429,35,49.7142857142857,204,188.285714285714,98,91.5714285714286
"420","2021-04-29",2103,1939.42857142857,69,50.5714285714286,178,180.714285714286,95,88
"421","2021-04-30",2046,1906.42857142857,36,47.4285714285714,191,171.571428571429,108,90.8571428571429
"422","2021-05-01",1642,1883.28571428571,0,47.4285714285714,175,171.285714285714,90,92.2857142857143
"423","2021-05-02",1377,1879.85714285714,79,49.8571428571429,146,167,69,91.7142857142857
"424","2021-05-03",1453,1837.14285714286,0,36,132,165.571428571429,64,90.4285714285714
"425","2021-05-04",1659,1729.85714285714,65,40.5714285714286,139,166.428571428571,83,86.7142857142857
"426","2021-05-05",1906,1740.85714285714,54,43.2857142857143,85,149.428571428571,99,86.8571428571429
"427","2021-05-06",2194,1753.85714285714,34,38.2857142857143,283,164.428571428571,102,87.8571428571429
"428","2021-05-07",2142,1767.57142857143,47,39.8571428571429,236,170.857142857143,65,81.7142857142857
"429","2021-05-08",1742,1781.85714285714,0,39.8571428571429,224,177.857142857143,81,80.4285714285714
"430","2021-05-09",1418,1787.71428571429,54,36.2857142857143,200,185.571428571429,98,84.5714285714286
"431","2021-05-10",2009,1867.14285714286,104,51.1428571428571,168,190.714285714286,76,86.2857142857143
"432","2021-05-11",2117,1932.57142857143,30,46.1428571428571,238,204.857142857143,89,87.1428571428571
"433","2021-05-12",1804,1918,22,41.5714285714286,345,242,113,89.1428571428571
"434","2021-05-13",2229,1923,59,45.1428571428571,270,240.142857142857,99,88.7142857142857
"435","2021-05-14",1828,1878.14285714286,54,46.1428571428571,215,237.142857142857,96,93.1428571428571
"436","2021-05-15",1614,1859.85714285714,0,46.1428571428571,413,264.142857142857,0,81.5714285714286
"437","2021-05-16",1471,1867.42857142857,54,46.1428571428571,292,277.285714285714,109,83.1428571428571
"438","2021-05-17",1645,1815.42857142857,91,44.2857142857143,161,276.285714285714,82,84
"439","2021-05-18",2008,1799.85714285714,32,44.5714285714286,268,280.571428571429,104,86.1428571428571
"440","2021-05-19",2151,1849.42857142857,44,47.7142857142857,394,287.571428571429,107,85.2857142857143
"441","2021-05-20",2307,1860.57142857143,45,45.7142857142857,432,310.714285714286,90,84
"442","2021-05-21",2303,1928.42857142857,28,42,414,339.142857142857,84,82.2857142857143
"443","2021-05-22",2242,2018.14285714286,0,42,370,333,82,94
"444","2021-05-23",1734,2055.71428571429,46,40.8571428571429,378,345.285714285714,77,89.4285714285714
"445","2021-05-24",1972,2102.42857142857,101,42.2857142857143,313,367,53,85.2857142857143
"446","2021-05-25",2081,2112.85714285714,19,40.4285714285714,318,374.142857142857,75,81.1428571428571
"447","2021-05-26",2540,2168.42857142857,28,38.1428571428571,546,395.857142857143,66,75.2857142857143
"448","2021-05-27",2936,2258.28571428571,58,40,464,400.428571428571,84,74.4285714285714
"449","2021-05-28",3434,2419.85714285714,32,40.5714285714286,641,432.857142857143,75,73.1428571428571
"450","2021-05-29",2747,2492,0,40.5714285714286,583,463.285714285714,68,71.1428571428571
"451","2021-05-30",2621,2618.71428571429,30,38.2857142857143,526,484.428571428571,63,69.1428571428571
"452","2021-05-31",2854,2744.71428571429,0,23.8571428571429,490,509.714285714286,39,67.1428571428571
"453","2021-06-01",2539,2810.14285714286,94,34.5714285714286,478,532.571428571429,54,64.1428571428571
"454","2021-06-02",3486,2945.28571428571,83,42.4285714285714,677,551.285714285714,84,66.7142857142857
"455","2021-06-03",4310,3141.57142857143,49,41.1428571428571,835,604.285714285714,80,66.1428571428571
"456","2021-06-04",5102,3379.85714285714,71,46.7142857142857,992,654.428571428571,73,65.8571428571429
"457","2021-06-05",4810,3674.57142857143,0,46.7142857142857,860,694,95,69.7142857142857
"458","2021-06-06",4405,3929.42857142857,92,55.5714285714286,775,729.571428571429,69,70.5714285714286
"459","2021-06-07",4913,4223.57142857143,75,66.2857142857143,641,751.142857142857,54,72.7142857142857
"460","2021-06-08",5250,4610.85714285714,22,56,695,782.142857142857,81,76.5714285714286
"461","2021-06-09",6201,4998.71428571429,223,76,1011,829.857142857143,105,79.5714285714286
"462","2021-06-10",6436,5302.42857142857,113,85.1428571428571,735,815.571428571429,109,83.7142857142857
"463","2021-06-11",6782,5542.42857142857,118,91.8571428571429,1104,831.571428571429,121,90.5714285714286
"464","2021-06-12",6601,5798.28571428571,0,91.8571428571429,1030,855.857142857143,107,92.2857142857143
"465","2021-06-13",6269,6064.57142857143,115,95.1428571428571,1036,893.142857142857,70,92.4285714285714
"466","2021-06-14",6647,6312.28571428571,247,119.714285714286,761,910.285714285714,87,97.1428571428571
"467","2021-06-15",6486,6488.85714285714,98,130.571428571429,974,950.142857142857,115,102
"468","2021-06-16",7642,6694.71428571429,141,118.857142857143,1129,967,143,107.428571428571
"469","2021-06-17",9371,7114,140,122.714285714286,1317,1050.14285714286,179,117.428571428571
"470","2021-06-18",9185,7457.28571428571,163,129.142857142857,950,1028.14285714286,178,125.571428571429
"471","2021-06-19",8954,7793.42857142857,0,129.142857142857,1209,1053.71428571429,158,132.857142857143
"472","2021-06-20",7778,8009,176,137.857142857143,1205,1077.85714285714,125,140.714285714286
"473","2021-06-21",8766,8311.71428571429,484,171.714285714286,1250,1147.71428571429,133,147.285714285714
"474","2021-06-22",9096,8684.57142857143,175,182.714285714286,2167,1318.14285714286,187,157.571428571429
"475","2021-06-23",12765,9416.42857142857,213,193,2969,1581,188,164
"476","2021-06-24",13068,9944.57142857143,438,235.571428571429,2999,1821.28571428571,198,166.714285714286
"477","2021-06-25",13498,10560.7142857143,336,260.285714285714,1747,1935.14285714286,229,174
"478","2021-06-26",15136,11443.8571428571,0,260.285714285714,2836,2167.57142857143,298,194
"479","2021-06-27",11560,11984.1428571429,416,294.571428571429,2639,2372.42857142857,261,213.428571428571
"480","2021-06-28",18702,13403.5714285714,670,321.142857142857,3285,2663.14285714286,211,224.571428571429
"481","2021-06-29",16802,14504.4285714286,281,336.285714285714,3118,2799,278,237.571428571429
"482","2021-06-30",21293,15722.7142857143,513,379.142857142857,3887,2930.14285714286,375,264.285714285714
"483","2021-07-01",22948,17134.1428571429,481,385.285714285714,4234,3106.57142857143,326,282.571428571429
"484","2021-07-02",22393,18404.8571428571,570,418.714285714286,3823,3403.14285714286,339,298.285714285714
"485","2021-07-03",21317,19287.8571428571,0,418.714285714286,3108,3442,460,321.428571428571
"486","2021-07-04",20454,20558.4285714286,535,435.714285714286,2726,3454.42857142857,533,360.285714285714
"487","2021-07-05",23286,21213.2857142857,1256,519.428571428571,2372,3324,420,390.142857142857
"488","2021-07-06",25295,22426.5714285714,698,579,2363,3216.14285714286,417,410
"489","2021-07-07",27516,23315.5714285714,663,600.428571428571,3799,3203.57142857143,570,437.857142857143
"490","2021-07-08",28421,24097.4285714286,701,631.857142857143,2802,2999,627,480.857142857143
"491","2021-07-09",31231,25360,655,644,3216,2912.28571428571,605,518.857142857143
"492","2021-07-10",29732,26562.1428571429,0,644,2190,2781.14285714286,445,516.714285714286
"493","2021-07-11",28421,27700.2857142857,698,667.285714285714,2048,2684.28571428571,605,527
"494","2021-07-12",30619,28747.8571428571,1190,657.857142857143,2134,2650.28571428571,528,542.428571428571
"495","2021-07-13",32883,29831.8571428571,737,663.428571428571,2529,2674,511,555.857142857143
"496","2021-07-14",37895,31314.5714285714,1135,730.857142857143,2636,2507.85714285714,636,565.285714285714
"497","2021-07-15",44523,33614.8571428571,861,753.714285714286,2086,2405.57142857143,1083,630.428571428571
"498","2021-07-16",47360,35919,1083,814.857142857143,2047,2238.57142857143,1380,741.142857142857
"499","2021-07-17",50955,38950.8571428571,0,814.857142857143,2317,2256.71428571429,1402,877.857142857143
"500","2021-07-18",44777,41287.4285714286,1112,874,1735,2212,537,868.142857142857
"501","2021-07-19",34657,41864.2857142857,2053,997.285714285714,1464,2116.28571428571,1776,1046.42857142857
"502","2021-07-20",43261,43346.8571428571,555,971.285714285714,1604,1984.14285714286,1138,1136
"503","2021-07-21",39504,43576.7142857143,941,943.571428571429,1686,1848.42857142857,1973,1327
"504","2021-07-22",35939,42350.4285714286,712,922.285714285714,1825,1811.14285714286,1430,1376.57142857143
"505","2021-07-23",32792,40269.2857142857,755,875.428571428571,1505,1733.71428571429,1337,1370.42857142857
"506","2021-07-24",28968,37128.2857142857,0,875.428571428571,1307,1589.42857142857,1520,1387.28571428571
"507","2021-07-25",25434,34365,1238,893.428571428571,1237,1518.28571428571,1264,1491.14285714286
"508","2021-07-26",22181,32582.7142857143,1130,761.571428571429,1000,1452,639,1328.71428571429
"509","2021-07-27",20290,29301.1428571429,704,782.857142857143,1044,1372,1473,1376.57142857143
"510","2021-07-28",24367,27138.7142857143,588,732.428571428571,1179,1299.57142857143,1600,1323.28571428571
"511","2021-07-29",27524,25936.5714285714,724,734.142857142857,1398,1238.57142857143,1471,1329.14285714286
"512","2021-07-30",26241,25000.7142857143,824,744,1456,1231.57142857143,1101,1295.42857142857
"513","2021-07-31",23949,24283.7142857143,0,744,1018,1190.28571428571,1177,1246.42857142857
"514","2021-08-01",21645,23742.4285714286,719,669.857142857143,1034,1161.28571428571,1072,1219
"515","2021-08-02",19175,23313,1106,666.428571428571,799,1132.57142857143,872,1252.28571428571
"516","2021-08-03",19012,23130.4285714286,581,648.857142857143,1016,1128.57142857143,1082,1196.42857142857
"517","2021-08-04",26393,23419.8571428571,608,651.714285714286,1271,1141.71428571429,1040,1116.42857142857
"518","2021-08-05",26512,23275.2857142857,681,645.571428571429,1381,1139.28571428571,1641,1140.71428571429
"519","2021-08-06",28321,23572.4285714286,803,642.571428571429,1250,1109.85714285714,1434,1188.28571428571
"520","2021-08-07",25877,23847.8571428571,0,642.571428571429,1386,1162.42857142857,1349,1212.85714285714
"521","2021-08-08",24196,24212.2857142857,864,663.285714285714,1240,1191.85714285714,1129,1221
"522","2021-08-09",21915,24603.7142857143,1364,700.142857142857,851,1199.28571428571,1031,1243.71428571429
"523","2021-08-10",20630,24834.8571428571,543,694.714285714286,1032,1201.57142857143,1305,1275.57142857143
"524","2021-08-11",26647,24871.1428571429,0,607.857142857143,1498,1234,1467,1336.57142857143
"525","2021-08-12",28093,25097,1846,774.285714285714,1525,1254.57142857143,1610,1332.14285714286
"526","2021-08-13",28679,25148.1428571429,1090,815.285714285714,1542,1296.28571428571,1389,1325.71428571429
"527","2021-08-14",26700,25265.7142857143,0,815.285714285714,1383,1295.85714285714,1437,1338.28571428571
"528","2021-08-15",22859,25074.7142857143,1099,848.857142857143,1498,1332.71428571429,1294,1361.85714285714
"529","2021-08-16",23171,25254.1428571429,2394,996,1567,1435,1306,1401.14285714286
"530","2021-08-17",22712,25551.5714285714,761,1027.14285714286,1815,1546.85714285714,1564,1438.14285714286
"531","2021-08-18",28648,25837.4285714286,1373,1223.28571428571,2538,1695.42857142857,1345,1420.71428571429
"532","2021-08-19",29762,26075.8571428571,1480,1171,3367,1958.57142857143,1963,1471.14285714286
"533","2021-08-20",29576,26204,1728,1262.14285714286,3613,2254.42857142857,2397,1615.14285714286
"534","2021-08-21",26982,26244.2857142857,0,1262.14285714286,3464,2551.71428571429,1612,1640.14285714286
"535","2021-08-22",25952,26686.1428571429,1626,1337.42857142857,3190,2793.42857142857,1485,1667.42857142857
"536","2021-08-23",24158,26827.1428571429,3247,1459.28571428571,3189,3025.14285714286,1320,1669.42857142857
"537","2021-08-24",23474,26936,1393,1549.57142857143,4323,3383.42857142857,1648,1681.42857142857
"538","2021-08-25",27350,26750.5714285714,1705,1597,5021,3738.14285714286,1771,1742.28571428571
"539","2021-08-26",29417,26701.2857142857,2389,1726.85714285714,4925,3960.71428571429,1550,1683.28571428571
"540","2021-08-27",27545,26411.1428571429,1791,1735.85714285714,6835,4421,1875,1608.71428571429
"541","2021-08-28",25118,26144.8571428571,0,1735.85714285714,5858,4763,1430,1582.71428571429
"542","2021-08-29",22501,25651.8571428571,2357,1840.28571428571,7113,5323.42857142857,1225,1545.57142857143
"543","2021-08-30",21324,25247,0,1376.42857142857,3893,5424,1259,1536.85714285714
"544","2021-08-31",20967,24888.8571428571,3872,1730.57142857143,6029,5667.71428571429,1313,1489
"545","2021-09-01",24723,24513.5714285714,3328,1962.42857142857,6170,5831.85714285714,1472,1446.28571428571
"546","2021-09-02",28686,24409.1428571429,2275,1946.14285714286,6400,6042.57142857143,793,1338.14285714286
"547","2021-09-03",31726,25006.4285714286,2391,2031.85714285714,6711,6024.85714285714,1248,1248.57142857143
"548","2021-09-04",29614,25648.7142857143,0,2031.85714285714,6152,6066.85714285714,1812,1303.14285714286
"549","2021-09-05",27022,26294.5714285714,2389,2036.42857142857,6368,5960.42857142857,1232,1304.14285714286
"550","2021-09-06",27202,27134.2857142857,5161,2773.71428571429,7065,6413.57142857143,1764,1376.28571428571
"551","2021-09-07",27545,28074,2504,2578.28571428571,5692,6365.42857142857,1748,1438.42857142857
"552","2021-09-08",29286,28725.8571428571,2669,2484.14285714286,5810,6314,1210,1401
"553","2021-09-09",27049,28492,2297,2487.28571428571,6836,6376.28571428571,1831,1549.28571428571
"554","2021-09-10",26653,27767.2857142857,2467,2498.14285714286,6815,6391.14285714286,1687,1612
"555","2021-09-11",23825,26940.2857142857,0,2498.14285714286,4298,6126.28571428571,1424,1556.57142857143
"556","2021-09-12",19913,25924.7142857143,2317,2487.85714285714,5912,6061.14285714286,1031,1527.85714285714
"557","2021-09-13",21077,25049.7142857143,4308,2366,4241,5657.71428571429,1199,1447.14285714286
"558","2021-09-14",19739,23934.5714285714,1924,2283.14285714286,3375,5326.71428571429,1590,1424.57142857143
"559","2021-09-15",22078,22904.8571428571,2298,2230.14285714286,4917,5199.14285714286,1304,1438
"560","2021-09-16",22949,22319.1428571429,2891,2315,0,4222.57142857143,1071,1329.42857142857
"561","2021-09-17",23265,21835.1428571429,2618,2336.57142857143,5529,4038.85714285714,1239,1265.42857142857
"562","2021-09-18",22956,21711,0,2336.57142857143,6116,4298.57142857143,1072,1215.14285714286
"563","2021-09-19",22173,22033.8571428571,2717,2393.71428571429,3833,4001.57142857143,889,1194.85714285714
"564","2021-09-20",26905,22866.4285714286,5258,2529.42857142857,2917,3812.42857142857,1020,1169.28571428571
"565","2021-09-21",24973,23614.1428571429,2576,2622.57142857143,2870,3740.28571428571,1145,1105.71428571429
"566","2021-09-22",27317,24362.5714285714,2485,2649.28571428571,3598,3551.85714285714,1060,1070.85714285714
"567","2021-09-23",29045,25233.4285714286,2476,2590,4024,4126.71428571429,1165,1084.28571428571
"568","2021-09-24",28199,25938.2857142857,2727,2605.57142857143,3667,3860.71428571429,1030,1054.42857142857
"569","2021-09-25",28087,26671.2857142857,0,2605.57142857143,3261,3452.85714285714,1120,1061.28571428571
"570","2021-09-26",25538,27152,3303,2689.28571428571,2556,3270.42857142857,1020,1080
"571","2021-09-27",29329,27498.2857142857,5659,2746.57142857143,2069,3149.28571428571,903,1063.28571428571
"572","2021-09-28",28808,28046.1428571429,2270,2702.85714285714,2370,3077.85714285714,1078,1053.71428571429
"573","2021-09-29",29036,28291.7142857143,3369,2829.14285714286,2997,2992,1320,1090.85714285714
"574","2021-09-30",29826,28403.2857142857,2580,2844,2911,2833,1163,1090.57142857143
"575","2021-10-01",28836,28494.2857142857,3009,2884.28571428571,2693,2693.85714285714,1039,1091.85714285714
"576","2021-10-02",26794,28309.5714285714,0,2884.28571428571,2515,2587.28571428571,992,1073.57142857143
"577","2021-10-03",25176,28257.8571428571,2331,2745.42857142857,2040,2513.57142857143,892,1055.28571428571
"578","2021-10-04",28251,28103.8571428571,3986,2506.42857142857,1760,2469.42857142857,1080,1080.57142857143
"579","2021-10-05",28846,28109.2857142857,1758,2433.28571428571,2056,2424.57142857143,1209,1099.28571428571
"580","2021-10-06",33450,28739.8571428571,2007,2238.71428571429,3055,2432.85714285714,1339,1102
"581","2021-10-07",33305,29236.8571428571,3400,2355.85714285714,2691,2401.42857142857,1305,1122.28571428571
"582","2021-10-08",32157,29711.2857142857,5705,2741,2627,2392,1276,1156.14285714286
"583","2021-10-09",31259,30349.1428571429,0,2741,2417,2378,1274,1196.42857142857
"584","2021-10-10",31096,31194.8571428571,0,2408,2363,2424.14285714286,1115,1228.28571428571
"585","2021-10-11",32349,31780.2857142857,4469,2477,2297,2500.85714285714,1109,1232.42857142857
"586","2021-10-12",33287,32414.7142857143,2047,2518.28571428571,1908,2479.71428571429,1278,1242.28571428571
"587","2021-10-13",36458,32844.4285714286,2266,2555.28571428571,2581,2412,1471,1261.14285714286
"588","2021-10-14",38488,33584.8571428571,2635,2446,2639,2404.57142857143,1304,1261
"589","2021-10-15",37691,34375.4285714286,3130,2078.14285714286,2762,2423.85714285714,1349,1271.42857142857
"590","2021-10-16",39624,35570.4285714286,0,2078.14285714286,2581,2447.28571428571,1218,1263.42857142857
"591","2021-10-17",38543,36634.2857142857,2965,2501.71428571429,2666,2490.57142857143,966,1242.14285714286
"592","2021-10-18",39473,37652,6398,2777.28571428571,2194,2475.85714285714,1091,1239.57142857143
"593","2021-10-19",36712,38141.2857142857,3200,2942,2459,2554.57142857143,1367,1252.28571428571
"594","2021-10-20",41498,38861.2857142857,3450,3111.14285714286,2768,2581.28571428571,1423,1245.42857142857
"595","2021-10-21",44363,39700.5714285714,4240,3340.42857142857,2355,2540.71428571429,1051,1209.28571428571
"596","2021-10-22",41745,40279.7142857143,3296,3364.14285714286,2902,2560.71428571429,1355,1210.14285714286
"597","2021-10-23",41259,40513.2857142857,0,3364.14285714286,2403,2535.28571428571,1323,1225.14285714286
"598","2021-10-24",33221,39753,3152,3390.85714285714,2528,2515.57142857143,1061,1238.71428571429
"599","2021-10-25",33309,38872.4285714286,0,2476.85714285714,2239,2522,1019,1228.42857142857
"600","2021-10-26",32280,38239.2857142857,5288,2775.14285714286,2262,2493.85714285714,1124,1193.71428571429
"601","2021-10-27",37502,37668.4285714286,2582,2651.14285714286,2566,2465,1291,1174.85714285714
"602","2021-10-28",33903,36174.1428571429,2664,2426,2153,2436.14285714286,1122,1185
"603","2021-10-29",36853,35475.2857142857,2561,2321,2732,2411.85714285714,1321,1180.14285714286
"604","2021-10-30",36204,34753.1428571429,0,2321,3867,2621,1207,1163.57142857143
"605","2021-10-31",31479,34504.2857142857,3016,2301.57142857143,2513,2618.85714285714,1001,1155
"606","2021-11-01",32081,34328.8571428571,4983,3013.42857142857,2065,2594,948,1144.85714285714
"607","2021-11-02",28531,33793.2857142857,2210,2573.71428571429,2010,2558,1114,1143.42857142857
"608","2021-11-03",34317,33338.2857142857,2492,2560.85714285714,3495,2690.71428571429,995,1101.14285714286
"609","2021-11-04",30166,32804.4285714286,2799,2580.14285714286,2823,2786.42857142857,1481,1152.42857142857
"610","2021-11-05",28490,31609.7142857143,1986,2498,2389,2737.42857142857,1164,1130
"611","2021-11-06",26250,30187.7142857143,0,2498,3249,2649.14285714286,1194,1128.14285714286
"612","2021-11-07",23779,29087.7142857143,2583,2436.14285714286,2908,2705.57142857143,1035,1133
"613","2021-11-08",24979,28073.1428571429,4303,2339,2012,2698,1028,1144.42857142857
"614","2021-11-09",27872,27979,1784,2278.14285714286,2233,2729.85714285714,1228,1160.71428571429
"615","2021-11-10",31541,27582.4285714286,2171,2232.28571428571,3852,2780.85714285714,1765,1270.71428571429
"616","2021-11-11",35472,28340.4285714286,2134,2137.28571428571,3340,2854.71428571429,1462,1268
"617","2021-11-12",33155,29006.8571428571,2784,2251.28571428571,3349,2991.85714285714,1087,1257
"618","2021-11-13",33493,30041.5714285714,0,2251.28571428571,3052,2963.71428571429,1806,1344.42857142857
"619","2021-11-14",29404,30845.1428571429,2659,2262.14285714286,3077,2987.85714285714,1377,1393.28571428571
"620","2021-11-15",31440,31768.1428571429,4520,2293.14285714286,2288,3027.28571428571,1457,1454.57142857143
"621","2021-11-16",30853,32194,1921,2312.71428571429,2771,3104.14285714286,1698,1521.71428571429
