"","date","sum_0_19_cases","sum_20_24_cases","sum_45_69_cases","sum_70_90_cases"
"1","2020-01-30",0,0,0,0
"2","2020-01-31",0,0,0,0
"3","2020-02-01",0,0,0,0
"4","2020-02-02",0,0,1,0
"5","2020-02-03",1,0,2,0
"6","2020-02-04",0,0,0,0
"7","2020-02-05",0,0,1,0
"8","2020-02-06",0,0,0,0
"9","2020-02-07",0,0,0,0
"10","2020-02-08",0,0,3,0
"11","2020-02-09",0,0,1,0
"12","2020-02-10",0,0,0,0
"13","2020-02-11",0,2,0,0
"14","2020-02-12",0,0,0,0
"15","2020-02-13",0,0,0,0
"16","2020-02-14",0,0,0,0
"17","2020-02-15",0,0,0,0
"18","2020-02-16",0,0,0,0
"19","2020-02-17",0,0,0,0
"20","2020-02-18",0,0,0,0
"21","2020-02-19",0,0,0,0
"22","2020-02-20",0,0,0,0
"23","2020-02-21",0,1,0,1
"24","2020-02-22",0,0,0,0
"25","2020-02-23",0,1,1,0
"26","2020-02-24",0,1,1,0
"27","2020-02-25",0,2,1,1
"28","2020-02-26",1,1,2,0
"29","2020-02-27",0,1,7,0
"30","2020-02-28",0,3,4,0
"31","2020-02-29",1,1,0,2
"32","2020-03-01",0,4,10,2
"33","2020-03-02",0,11,21,2
"34","2020-03-03",3,14,24,5
"35","2020-03-04",2,13,15,4
"36","2020-03-05",2,16,13,4
"37","2020-03-06",6,21,26,9
"38","2020-03-07",3,12,18,8
"39","2020-03-08",0,17,15,9
"40","2020-03-09",3,26,54,15
"41","2020-03-10",10,44,77,60
"42","2020-03-11",12,89,98,84
"43","2020-03-12",11,103,126,108
"44","2020-03-13",5,71,111,135
"45","2020-03-14",7,35,72,167
"46","2020-03-15",8,32,108,187
"47","2020-03-16",9,54,143,287
"48","2020-03-17",11,100,168,326
"49","2020-03-18",15,134,241,415
"50","2020-03-19",15,113,284,413
"51","2020-03-20",19,135,319,456
"52","2020-03-21",22,120,297,463
"53","2020-03-22",22,145,322,574
"54","2020-03-23",48,253,553,930
"55","2020-03-24",39,262,555,911
"56","2020-03-25",43,262,637,1045
"57","2020-03-26",39,299,713,1248
"58","2020-03-27",44,301,730,1253
"59","2020-03-28",36,258,680,1102
"60","2020-03-29",29,270,683,1150
"61","2020-03-30",51,429,1001,1596
"62","2020-03-31",55,505,1102,1679
"63","2020-04-01",67,610,1211,1728
"64","2020-04-02",59,612,1259,1600
"65","2020-04-03",59,589,1252,1649
"66","2020-04-04",53,548,1066,1320
"67","2020-04-05",40,483,909,1253
"68","2020-04-06",64,798,1364,1599
"69","2020-04-07",69,828,1551,1535
"70","2020-04-08",51,826,1372,1498
"71","2020-04-09",60,785,1294,1384
"72","2020-04-10",58,732,1078,1257
"73","2020-04-11",69,617,911,1085
"74","2020-04-12",43,560,954,1007
"75","2020-04-13",43,738,1077,1143
"76","2020-04-14",67,793,1096,1112
"77","2020-04-15",67,957,1396,1233
"78","2020-04-16",48,958,1429,1312
"79","2020-04-17",80,860,1294,1261
"80","2020-04-18",77,945,1428,1060
"81","2020-04-19",52,814,1284,874
"82","2020-04-20",47,792,1112,1256
"83","2020-04-21",69,897,1225,1262
"84","2020-04-22",91,1105,1714,1207
"85","2020-04-23",107,970,1497,1311
"86","2020-04-24",104,937,1363,1281
"87","2020-04-25",70,747,1114,911
"88","2020-04-26",69,735,1088,719
"89","2020-04-27",83,877,1311,1196
"90","2020-04-28",106,893,1306,1141
"91","2020-04-29",98,1082,1522,1322
"92","2020-04-30",98,911,1311,1331
"93","2020-05-01",99,920,1214,1241
"94","2020-05-02",56,558,831,891
"95","2020-05-03",84,560,779,788
"96","2020-05-04",91,540,751,1118
"97","2020-05-05",113,656,890,1006
"98","2020-05-06",131,703,961,998
"99","2020-05-07",124,604,910,1078
"100","2020-05-08",126,618,731,726
"101","2020-05-09",70,383,520,526
"102","2020-05-10",89,464,579,595
"103","2020-05-11",109,620,826,1086
"104","2020-05-12",115,604,784,990
"105","2020-05-13",137,593,763,983
"106","2020-05-14",102,473,651,640
"107","2020-05-15",82,486,628,551
"108","2020-05-16",113,463,493,408
"109","2020-05-17",78,343,460,430
"110","2020-05-18",108,470,648,635
"111","2020-05-19",119,563,683,803
"112","2020-05-20",116,503,725,655
"113","2020-05-21",121,500,602,681
"114","2020-05-22",98,384,480,556
"115","2020-05-23",75,313,392,310
"116","2020-05-24",86,265,351,279
"117","2020-05-25",72,305,415,381
"118","2020-05-26",70,310,404,422
"119","2020-05-27",82,351,427,502
"120","2020-05-28",103,334,396,491
"121","2020-05-29",64,296,385,399
"122","2020-05-30",56,218,256,299
"123","2020-05-31",67,197,248,313
"124","2020-06-01",71,262,342,446
"125","2020-06-02",84,307,305,456
"126","2020-06-03",91,272,302,392
"127","2020-06-04",77,224,290,366
"128","2020-06-05",71,245,261,278
"129","2020-06-06",61,192,191,133
"130","2020-06-07",51,188,155,147
"131","2020-06-08",74,222,276,234
"132","2020-06-09",83,267,259,267
"133","2020-06-10",87,272,260,294
"134","2020-06-11",70,230,240,198
"135","2020-06-12",81,257,258,182
"136","2020-06-13",74,189,223,140
"137","2020-06-14",74,201,210,122
"138","2020-06-15",83,225,272,183
"139","2020-06-16",88,264,225,231
"140","2020-06-17",79,246,237,183
"141","2020-06-18",99,237,233,174
"142","2020-06-19",78,198,233,155
"143","2020-06-20",73,161,180,101
"144","2020-06-21",50,156,151,81
"145","2020-06-22",94,205,209,146
"146","2020-06-23",74,181,169,160
"147","2020-06-24",84,180,187,132
"148","2020-06-25",70,172,163,110
"149","2020-06-26",73,170,148,118
"150","2020-06-27",59,147,114,76
"151","2020-06-28",48,112,96,61
"152","2020-06-29",64,190,195,91
"153","2020-06-30",81,150,158,79
"154","2020-07-01",68,159,168,86
"155","2020-07-02",51,154,163,88
"156","2020-07-03",71,148,141,68
"157","2020-07-04",48,108,96,42
"158","2020-07-05",65,150,122,65
"159","2020-07-06",89,171,145,117
"160","2020-07-07",71,160,142,86
"161","2020-07-08",67,215,175,91
"162","2020-07-09",85,196,161,84
"163","2020-07-10",75,128,141,72
"164","2020-07-11",64,133,107,46
"165","2020-07-12",55,112,86,21
"166","2020-07-13",90,212,162,79
"167","2020-07-14",91,185,141,94
"168","2020-07-15",94,216,172,96
"169","2020-07-16",88,161,148,80
"170","2020-07-17",75,146,139,43
"171","2020-07-18",68,140,125,32
"172","2020-07-19",75,131,93,32
"173","2020-07-20",110,222,182,90
"174","2020-07-21",93,200,167,82
"175","2020-07-22",119,208,188,85
"176","2020-07-23",93,195,175,82
"177","2020-07-24",120,195,175,81
"178","2020-07-25",84,154,114,42
"179","2020-07-26",85,148,129,28
"180","2020-07-27",118,244,210,84
"181","2020-07-28",126,213,163,109
"182","2020-07-29",131,281,250,103
"183","2020-07-30",121,260,207,81
"184","2020-07-31",89,163,162,81
"185","2020-08-01",82,134,124,31
"186","2020-08-02",84,139,112,35
"187","2020-08-03",126,276,246,112
"188","2020-08-04",129,288,236,132
"189","2020-08-05",119,297,235,104
"190","2020-08-06",136,285,243,113
"191","2020-08-07",139,249,198,93
"192","2020-08-08",118,198,135,55
"193","2020-08-09",92,157,123,42
"194","2020-08-10",194,426,316,114
"195","2020-08-11",176,359,321,111
"196","2020-08-12",182,341,234,87
"197","2020-08-13",137,327,244,90
"198","2020-08-14",143,331,223,105
"199","2020-08-15",99,202,144,37
"200","2020-08-16",103,171,104,27
"201","2020-08-17",184,356,258,68
"202","2020-08-18",128,286,230,68
"203","2020-08-19",123,369,268,68
"204","2020-08-20",209,374,262,83
"205","2020-08-21",169,318,220,70
"206","2020-08-22",149,212,129,40
"207","2020-08-23",145,200,146,29
"208","2020-08-24",197,355,247,67
"209","2020-08-25",141,354,260,80
"210","2020-08-26",206,389,217,79
"211","2020-08-27",257,371,271,94
"212","2020-08-28",280,428,238,88
"213","2020-08-29",239,287,193,51
"214","2020-08-30",238,242,207,36
"215","2020-08-31",242,356,304,47
"216","2020-09-01",278,595,430,155
"217","2020-09-02",384,770,668,238
"218","2020-09-03",380,783,661,213
"219","2020-09-04",398,778,564,197
"220","2020-09-05",389,638,458,125
"221","2020-09-06",375,542,480,124
"222","2020-09-07",582,965,833,293
"223","2020-09-08",503,855,755,236
"224","2020-09-09",481,830,684,183
"225","2020-09-10",583,897,702,219
"226","2020-09-11",543,789,675,200
"227","2020-09-12",430,581,569,123
"228","2020-09-13",385,424,401,139
"229","2020-09-14",465,834,722,219
"230","2020-09-15",524,783,791,274
"231","2020-09-16",601,1070,988,261
"232","2020-09-17",696,1082,1011,233
"233","2020-09-18",767,1180,1068,217
"234","2020-09-19",853,1110,993,201
"235","2020-09-20",891,1220,1164,229
"236","2020-09-21",858,1272,1161,268
"237","2020-09-22",952,1452,1301,368
"238","2020-09-23",1175,1536,1378,366
"239","2020-09-24",1223,1633,1503,365
"240","2020-09-25",1287,1482,1438,322
"241","2020-09-26",1403,1276,1292,305
"242","2020-09-27",1658,1299,1335,265
"243","2020-09-28",2108,1972,1947,481
"244","2020-09-29",2382,1847,1867,569
"245","2020-09-30",3230,2185,2125,516
"246","2020-10-01",3360,2285,2371,606
"247","2020-10-02",3299,2393,2420,625
"248","2020-10-03",2670,1943,2164,551
"249","2020-10-04",2728,2057,2118,481
"250","2020-10-05",3509,3025,3269,887
"251","2020-10-06",3479,3177,3251,874
"252","2020-10-07",3822,3279,3466,937
"253","2020-10-08",3846,3311,3468,873
"254","2020-10-09",3095,2910,3070,870
"255","2020-10-10",2409,2350,2449,604
"256","2020-10-11",2174,2244,2444,617
"257","2020-10-12",3285,3893,4206,1234
"258","2020-10-13",3147,3648,3888,1160
"259","2020-10-14",3156,4010,4287,1198
"260","2020-10-15",2914,3756,4047,1138
"261","2020-10-16",2630,3611,3867,1229
"262","2020-10-17",2027,3135,3447,1008
"263","2020-10-18",2052,3063,3259,862
"264","2020-10-19",3617,5771,6182,1671
"265","2020-10-20",3562,5553,5922,1734
"266","2020-10-21",3539,5569,5872,1685
"267","2020-10-22",3221,5033,5517,1650
"268","2020-10-23",2824,4600,5079,1612
"269","2020-10-24",2082,3605,3727,1234
"270","2020-10-25",1947,3485,3800,1124
"271","2020-10-26",3171,6094,6840,1901
"272","2020-10-27",2861,5513,5934,1743
"273","2020-10-28",2797,5515,5944,1716
"274","2020-10-29",2702,5305,5889,1913
"275","2020-10-30",2696,5106,5921,1921
"276","2020-10-31",1970,3918,4312,1232
"277","2020-11-01",1827,3637,4036,1243
"278","2020-11-02",3730,7326,8396,2737
"279","2020-11-03",3197,5874,6599,2140
"280","2020-11-04",2962,5603,6013,2021
"281","2020-11-05",3188,5478,6048,1858
"282","2020-11-06",3061,5515,5970,2050
"283","2020-11-07",2397,4489,4827,1413
"284","2020-11-08",2602,4833,5308,1511
"285","2020-11-09",4172,7375,8336,2626
"286","2020-11-10",3715,6335,7022,2528
"287","2020-11-11",3917,6302,7249,2369
"288","2020-11-12",3658,5807,6182,2110
"289","2020-11-13",3707,5458,6209,2245
"290","2020-11-14",2730,4095,4710,1417
"291","2020-11-15",2488,3623,4167,1382
"292","2020-11-16",4319,5789,6943,2380
"293","2020-11-17",3865,4955,5768,2138
"294","2020-11-18",3585,4582,5013,1830
"295","2020-11-19",3132,3840,4178,1602
"296","2020-11-20",2893,3708,3950,1612
"297","2020-11-21",2048,2622,2966,1130
"298","2020-11-22",1974,2517,2806,973
"299","2020-11-23",3280,4110,4363,1705
"300","2020-11-24",2721,3508,3778,1708
"301","2020-11-25",2927,3460,3680,1454
"302","2020-11-26",2604,3146,3193,1292
"303","2020-11-27",2537,3010,3274,1395
"304","2020-11-28",1859,2398,2527,865
"305","2020-11-29",1789,2254,2456,891
"306","2020-11-30",3109,3690,4045,1767
"307","2020-12-01",2849,3295,3538,1636
"308","2020-12-02",2761,3421,3579,1373
"309","2020-12-03",2650,3191,3188,1332
"310","2020-12-04",2823,3104,3377,1434
"311","2020-12-05",2096,2674,2708,975
"312","2020-12-06",2258,2798,2910,1049
"313","2020-12-07",3724,4297,4742,1722
"314","2020-12-08",3448,4379,4198,1741
"315","2020-12-09",3629,4574,4528,1648
"316","2020-12-10",3846,5040,4719,1674
"317","2020-12-11",4210,5072,5215,1859
"318","2020-12-12",3367,4255,4289,1300
"319","2020-12-13",3897,4818,4719,1522
"320","2020-12-14",6162,7849,8012,2478
"321","2020-12-15",5707,8199,7652,2358
"322","2020-12-16",5488,9003,7759,2332
"323","2020-12-17",5012,8978,7769,2295
"324","2020-12-18",5406,9193,8764,2446
"325","2020-12-19",3771,6391,5828,1780
"326","2020-12-20",4802,8657,8052,1849
"327","2020-12-21",6653,12693,12090,3119
"328","2020-12-22",6350,11952,11549,3153
"329","2020-12-23",5765,11214,10436,2857
"330","2020-12-24",4352,8270,8473,2120
"331","2020-12-25",1612,3669,3811,1200
"332","2020-12-26",5224,10829,10959,2545
"333","2020-12-27",5812,12642,12608,2894
"334","2020-12-28",5212,11820,11972,3124
"335","2020-12-29",9566,21548,21399,5790
"336","2020-12-30",8568,18426,18380,4924
"337","2020-12-31",6430,13585,13783,3809
"338","2021-01-01",3722,8108,8495,2616
"339","2021-01-02",7405,15774,15862,4271
"340","2021-01-03",6838,14948,13971,3752
"341","2021-01-04",9196,19922,19878,6277
"342","2021-01-05",7296,16739,16561,5819
"343","2021-01-06",6531,14788,14578,5134
"344","2021-01-07",6081,13064,13579,4876
"345","2021-01-08",5385,11823,12238,4746
"346","2021-01-09",4580,10128,10454,3579
"347","2021-01-10",4083,9465,9947,3087
"348","2021-01-11",6104,14651,15979,5586
"349","2021-01-12",5275,12344,13810,5041
"350","2021-01-13",5168,11649,12335,4307
"351","2021-01-14",4767,10873,11532,4105
"352","2021-01-15",4781,10297,11028,3968
"353","2021-01-16",3645,8163,8156,2621
"354","2021-01-17",3375,7709,8011,2411
"355","2021-01-18",5089,11237,12754,4324
"356","2021-01-19",4543,10185,10764,3973
"357","2021-01-20",4114,8886,9376,3592
"358","2021-01-21",3697,8176,8590,2973
"359","2021-01-22",3587,7575,7950,2819
"360","2021-01-23",2669,5665,5900,1953
"361","2021-01-24",2045,4408,4559,1546
"362","2021-01-25",3478,7675,8071,3000
"363","2021-01-26",3154,6901,7139,2799
"364","2021-01-27",3051,6484,6933,2397
"365","2021-01-28",2808,6146,6556,2320
"366","2021-01-29",2782,5449,5850,2219
"367","2021-01-30",2159,4289,4444,1375
"368","2021-01-31",1828,4067,4024,1284
"369","2021-02-01",2589,5695,6091,2159
"370","2021-02-02",2417,4994,5159,1975
"371","2021-02-03",2382,5054,4993,1796
"372","2021-02-04",2453,4455,4680,1566
"373","2021-02-05",1950,3953,4051,1510
"374","2021-02-06",1509,3116,3108,1008
"375","2021-02-07",1450,2998,2891,953
"376","2021-02-08",1889,3955,4167,1463
"377","2021-02-09",1666,3591,3643,1199
"378","2021-02-10",1555,3380,3586,1173
"379","2021-02-11",1602,3219,3274,1034
"380","2021-02-12",1506,3080,3105,1042
"381","2021-02-13",1148,2253,2289,643
"382","2021-02-14",1050,2208,2239,616
"383","2021-02-15",1564,3567,3878,1244
"384","2021-02-16",1369,3226,3224,976
"385","2021-02-17",1322,2973,3001,877
"386","2021-02-18",1284,2960,2949,832
"387","2021-02-19",1245,2643,2624,719
"388","2021-02-20",1059,2022,2035,533
"389","2021-02-21",967,2004,2037,477
"390","2021-02-22",1406,2919,2903,850
"391","2021-02-23",1192,2490,2383,670
"392","2021-02-24",1041,2221,2218,564
"393","2021-02-25",981,1962,1982,556
"394","2021-02-26",873,1667,1650,430
"395","2021-02-27",579,1294,1204,292
"396","2021-02-28",565,1205,1205,280
"397","2021-03-01",904,1721,1751,519
"398","2021-03-02",922,1716,1646,474
"399","2021-03-03",873,1614,1392,363
"400","2021-03-04",915,1477,1242,336
"401","2021-03-05",921,1311,1223,286
"402","2021-03-06",719,1136,951,219
"403","2021-03-07",614,1072,1027,208
"404","2021-03-08",1275,1564,1496,354
"405","2021-03-09",1226,1541,1340,318
"406","2021-03-10",1099,1457,1294,291
"407","2021-03-11",1135,1400,1134,254
"408","2021-03-12",1161,1239,1129,273
"409","2021-03-13",720,1027,898,195
"410","2021-03-14",862,1048,881,154
"411","2021-03-15",1512,1523,1273,272
"412","2021-03-16",1373,1319,1069,213
"413","2021-03-17",1545,1259,1094,186
"414","2021-03-18",1370,1194,1010,173
"415","2021-03-19",1225,1161,906,192
"416","2021-03-20",930,976,778,157
"417","2021-03-21",1812,1113,905,138
"418","2021-03-22",1691,1414,1102,218
"419","2021-03-23",1371,1256,946,162
"420","2021-03-24",1859,1316,1011,174
"421","2021-03-25",1556,1122,952,190
"422","2021-03-26",1063,973,843,148
"423","2021-03-27",885,859,656,113
"424","2021-03-28",1774,1040,847,111
"425","2021-03-29",827,943,771,133
"426","2021-03-30",782,860,697,145
"427","2021-03-31",983,838,742,121
"428","2021-04-01",828,813,700,108
"429","2021-04-02",564,620,493,100
"430","2021-04-03",518,606,490,78
"431","2021-04-04",596,535,440,85
"432","2021-04-05",607,658,515,106
"433","2021-04-06",527,812,657,138
"434","2021-04-07",669,824,566,127
"435","2021-04-08",604,795,576,116
"436","2021-04-09",501,702,561,125
"437","2021-04-10",440,543,445,105
"438","2021-04-11",594,559,397,66
"439","2021-04-12",538,675,528,118
"440","2021-04-13",423,599,459,127
"441","2021-04-14",466,586,454,116
"442","2021-04-15",487,584,416,89
"443","2021-04-16",423,532,414,102
"444","2021-04-17",309,398,293,59
"445","2021-04-18",893,524,406,68
"446","2021-04-19",590,623,462,109
"447","2021-04-20",499,631,395,110
"448","2021-04-21",669,646,415,101
"449","2021-04-22",530,533,443,82
"450","2021-04-23",383,504,340,91
"451","2021-04-24",334,354,242,72
"452","2021-04-25",677,465,345,67
"453","2021-04-26",604,629,471,72
"454","2021-04-27",512,511,356,79
"455","2021-04-28",702,558,366,71
"456","2021-04-29",523,503,395,69
"457","2021-04-30",366,431,350,64
"458","2021-05-01",310,333,245,50
"459","2021-05-02",463,293,237,45
"460","2021-05-03",632,461,346,52
"461","2021-05-04",692,556,425,84
"462","2021-05-05",717,625,411,70
"463","2021-05-06",579,504,404,62
"464","2021-05-07",427,468,316,72
"465","2021-05-08",369,360,234,50
"466","2021-05-09",731,447,383,60
"467","2021-05-10",784,638,388,59
"468","2021-05-11",539,499,368,80
"469","2021-05-12",571,528,359,69
"470","2021-05-13",508,459,364,47
"471","2021-05-14",477,413,275,48
"472","2021-05-15",396,352,218,45
"473","2021-05-16",601,373,277,45
"474","2021-05-17",823,594,398,75
"475","2021-05-18",781,584,364,69
"476","2021-05-19",846,578,360,53
"477","2021-05-20",644,499,368,55
"478","2021-05-21",611,468,346,56
"479","2021-05-22",527,441,271,55
"480","2021-05-23",734,450,362,43
"481","2021-05-24",971,708,483,68
"482","2021-05-25",959,790,435,82
"483","2021-05-26",1047,855,492,83
"484","2021-05-27",1048,839,460,78
"485","2021-05-28",900,794,510,71
"486","2021-05-29",766,716,384,54
"487","2021-05-30",836,676,464,68
"488","2021-05-31",953,882,524,90
"489","2021-06-01",1166,1359,732,116
"490","2021-06-02",1268,1601,794,101
"491","2021-06-03",1303,1636,717,96
"492","2021-06-04",1157,1546,795,98
"493","2021-06-05",1029,1170,607,80
"494","2021-06-06",1427,1319,745,82
"495","2021-06-07",1871,2042,1013,118
"496","2021-06-08",1757,1947,880,139
"497","2021-06-09",1765,2020,944,127
"498","2021-06-10",1702,1984,929,113
"499","2021-06-11",1688,1824,907,150
"500","2021-06-12",1494,1460,797,95
"501","2021-06-13",1944,1510,887,104
"502","2021-06-14",2686,2359,1275,163
"503","2021-06-15",2820,2430,1098,148
"504","2021-06-16",2800,2544,1157,141
"505","2021-06-17",2860,2553,1232,146
"506","2021-06-18",2656,2251,1121,186
"507","2021-06-19",2190,1760,943,134
"508","2021-06-20",2760,1959,1080,106
"509","2021-06-21",4128,3236,1688,178
"510","2021-06-22",4292,3469,1683,219
"511","2021-06-23",4721,3803,1828,205
"512","2021-06-24",4744,3892,1945,244
"513","2021-06-25",4793,3575,1922,262
"514","2021-06-26",4341,3338,1769,232
"515","2021-06-27",5265,3609,1993,271
"516","2021-06-28",8052,5580,3057,373
"517","2021-06-29",7556,5831,2944,390
"518","2021-06-30",7638,6250,3091,378
"519","2021-07-01",7539,6239,3332,425
"520","2021-07-02",7088,5680,3101,450
"521","2021-07-03",6596,5351,2874,402
"522","2021-07-04",7323,5616,3178,378
"523","2021-07-05",9962,8080,4159,537
"524","2021-07-06",9721,9052,4318,587
"525","2021-07-07",10004,10315,4657,568
"526","2021-07-08",8744,8857,4367,572
"527","2021-07-09",8845,8136,4394,632
"528","2021-07-10",7828,7217,4010,573
"529","2021-07-11",8625,7672,4493,525
"530","2021-07-12",12566,11404,6374,872
"531","2021-07-13",12300,13194,6216,795
"532","2021-07-14",13636,16180,7069,883
"533","2021-07-15",14769,19145,8168,976
"534","2021-07-16",13253,16317,7805,1064
"535","2021-07-17",9603,10715,5881,911
"536","2021-07-18",9697,9638,5773,803
"537","2021-07-19",12130,12747,7784,1163
"538","2021-07-20",10174,10557,6309,1020
"539","2021-07-21",9045,9275,5479,954
"540","2021-07-22",7847,8187,4877,810
"541","2021-07-23",7177,6787,4365,817
"542","2021-07-24",6269,5427,3517,681
"543","2021-07-25",6162,5069,3461,619
"544","2021-07-26",7443,7229,4488,963
"545","2021-07-27",7025,7334,3996,799
"546","2021-07-28",6965,8054,3813,750
"547","2021-07-29",6437,7498,3808,725
"548","2021-07-30",5703,6336,3607,767
"549","2021-07-31",4960,5172,3185,670
"550","2021-08-01",4932,5305,3265,602
"551","2021-08-02",6367,7769,4798,905
"552","2021-08-03",6242,8184,4522,933
"553","2021-08-04",6215,9167,4892,917
"554","2021-08-05",6294,8805,4831,936
"555","2021-08-06",5790,7263,4654,982
"556","2021-08-07",4855,5821,3878,714
"557","2021-08-08",4965,5745,3926,825
"558","2021-08-09",6548,8480,5493,1210
"559","2021-08-10",6201,8532,5234,1126
"560","2021-08-11",6176,8981,5671,1156
"561","2021-08-12",6057,8163,5489,1185
"562","2021-08-13",5905,7162,5101,1205
"563","2021-08-14",5832,5637,4466,1012
"564","2021-08-15",5881,5527,4499,1026
"565","2021-08-16",8619,7989,6480,1428
"566","2021-08-17",9828,7484,5795,1339
"567","2021-08-18",8946,8005,6047,1383
"568","2021-08-19",7621,7518,6056,1353
"569","2021-08-20",6843,6502,5467,1362
"570","2021-08-21",6255,5553,5174,1212
"571","2021-08-22",6094,5479,5224,1159
"572","2021-08-23",7533,7702,7201,1896
"573","2021-08-24",7257,7262,6598,1587
"574","2021-08-25",6843,7263,6658,1595
"575","2021-08-26",6434,6831,6412,1595
"576","2021-08-27",6339,5929,5716,1488
"577","2021-08-28",5766,4703,4846,1127
"578","2021-08-29",5527,4393,4706,1222
"579","2021-08-30",7436,5730,5844,1507
"580","2021-08-31",10895,7654,7304,1865
"581","2021-09-01",10538,7312,6645,1572
"582","2021-09-02",10110,6967,6681,1650
"583","2021-09-03",9675,6260,6428,1614
"584","2021-09-04",7610,5223,5429,1317
"585","2021-09-05",7744,5105,5427,1306
"586","2021-09-06",11785,7028,7407,1747
"587","2021-09-07",9775,6042,6073,1673
"588","2021-09-08",8408,5620,5901,1541
"589","2021-09-09",8021,5329,5605,1526
"590","2021-09-10",7247,4378,4679,1399
"591","2021-09-11",6308,3453,3652,1067
"592","2021-09-12",7567,3381,3632,910
"593","2021-09-13",10816,4707,4925,1346
"594","2021-09-14",9876,4252,4291,1130
"595","2021-09-15",9575,4212,4499,1105
"596","2021-09-16",9576,4234,4349,1070
"597","2021-09-17",10099,3939,4398,1112
"598","2021-09-18",10196,3470,3931,910
"599","2021-09-19",13266,3694,4348,953
"600","2021-09-20",16891,5008,5647,1194
"601","2021-09-21",15920,4774,5384,1155
"602","2021-09-22",13998,4876,5518,1121
"603","2021-09-23",13377,4782,5737,1237
"604","2021-09-24",12168,4410,5076,1157
"605","2021-09-25",11366,3756,4677,1027
"606","2021-09-26",13886,4077,5153,980
"607","2021-09-27",17688,5358,6579,1330
"608","2021-09-28",14487,4894,5783,1219
"609","2021-09-29",13547,4893,5727,1195
"610","2021-09-30",12297,4611,5701,1141
"611","2021-10-01",10716,4191,5122,1291
"612","2021-10-02",10026,3651,4727,1023
"613","2021-10-03",13387,4226,5594,1091
"614","2021-10-04",17886,5764,7331,1540
"615","2021-10-05",15096,5366,6683,1542
"616","2021-10-06",14717,5644,6914,1620
"617","2021-10-07",13979,5565,7133,1679
"618","2021-10-08",12758,5042,6725,1730
"619","2021-10-09",11932,4580,6067,1477
"620","2021-10-10",15140,4873,6688,1472
"621","2021-10-11",20664,6744,8974,2054
"622","2021-10-12",19351,6636,8616,1926
"623","2021-10-13",18684,6796,8575,1950
"624","2021-10-14",17294,6601,8756,2024
"625","2021-10-15",16053,6179,8210,1988
"626","2021-10-16",14321,5040,7118,1625
"627","2021-10-17",18100,5715,8067,1629
"628","2021-10-18",23068,7942,10524,2420
"629","2021-10-19",19978,7473,9760,2313
"630","2021-10-20",18193,7706,10397,2288
"631","2021-10-21",14805,7094,9683,2090
"632","2021-10-22",12801,6402,8595,2199
"633","2021-10-23",11345,5306,7436,1808
"634","2021-10-24",11107,5569,7725,1713
"635","2021-10-25",13771,7793,10471,2449
"636","2021-10-26",11956,7248,9173,1964
"637","2021-10-27",11791,7643,9769,2083
"638","2021-10-28",10819,7480,9600,2040
"639","2021-10-29",10763,6938,9176,2062
"640","2021-10-30",9243,5823,7458,1601
"641","2021-10-31",10040,6069,7805,1474
"642","2021-11-01",12752,7825,9505,2078
"643","2021-11-02",9950,6862,7859,1693
"644","2021-11-03",8580,6615,7917,1614
"645","2021-11-04",7707,6273,7473,1433
"646","2021-11-05",6910,5402,6584,1439
"647","2021-11-06",6894,4849,6152,1123
"648","2021-11-07",8703,5287,6734,1001
"649","2021-11-08",12625,7508,9163,1525
"650","2021-11-09",12226,7404,8607,1368
"651","2021-11-10",12119,7534,9138,1373
"652","2021-11-11",11557,7332,8598,1268
"653","2021-11-12",10872,6522,8031,1247
"654","2021-11-13",10244,5524,6786,919
"655","2021-11-14",11821,5872,7122,838
"656","2021-11-15",17235,8531,9976,1207
"657","2021-11-16",15511,7954,8918,1032
"658","2021-11-17",14562,8082,9195,1055
"659","2021-11-18",13673,7953,9205,1002
"660","2021-11-19",12258,7028,8352,924
"661","2021-11-20",11741,6095,7195,713
"662","2021-11-21",12872,6564,7603,685
"663","2021-11-22",17566,8638,9897,1023
"664","2021-11-23",16981,8622,9158,859
"665","2021-11-24",15322,8655,9432,879
"666","2021-11-25",13723,8353,8983,776
"667","2021-11-26",12443,7494,8268,785
"668","2021-11-27",10868,6337,6763,638
"669","2021-11-28",13604,7208,7987,607
"670","2021-11-29",19310,10361,10922,908
"671","2021-11-30",18931,10804,10639,892
"672","2021-12-01",17517,10940,11112,913
"673","2021-12-02",15458,10314,10001,845
"674","2021-12-03",14119,9201,9078,843
"675","2021-12-04",12198,7980,7560,696
"676","2021-12-05",13115,8260,7876,620
"677","2021-12-06",18854,12560,10774,1016
"678","2021-12-07",16624,12694,9981,891
"679","2021-12-08",16098,13976,10393,890
"680","2021-12-09",14992,13891,10366,967
"681","2021-12-10",13877,12829,9046,958
"682","2021-12-11",13351,11698,8392,785
"683","2021-12-12",14068,13663,8845,810
"684","2021-12-13",20278,25022,13963,1306
"685","2021-12-14",19656,33503,15476,1347
"686","2021-12-15",19280,36860,18181,1613
"687","2021-12-16",18265,33389,17563,1825
"688","2021-12-17",17192,28848,16524,1946
"689","2021-12-18",17655,25489,15298,1959
"690","2021-12-19",17720,24843,15812,2025
"691","2021-12-20",23511,38723,24236,3324
"692","2021-12-21",23113,44523,27142,3588
"693","2021-12-22",23518,47352,29607,4106
"694","2021-12-23",23681,45452,30857,4701
"695","2021-12-24",20524,37219,27866,4859
"696","2021-12-25",9517,18512,15221,2816
"697","2021-12-26",16291,31462,24102,4460
"698","2021-12-27",24484,48886,39056,7818
"699","2021-12-28",25028,53340,43505,9684
"700","2021-12-29",31826,68901,57097,13773
"701","2021-12-30",27634,59752,49202,11984
"702","2021-12-31",22614,46016,40793,9638
"703","2022-01-01",16250,29159,26094,6098
"704","2022-01-02",26390,44223,37005,7661
"705","2022-01-03",35315,57500,47282,10108
"706","2022-01-04",45635,67998,56887,12226
"707","2022-01-05",42307,50770,41809,9225
"708","2022-01-06",34788,41593,34086,7667
"709","2022-01-07",23482,28451,24775,6315
"710","2022-01-08",19904,21532,18936,4555
"711","2022-01-09",23543,21131,18491,4132
"712","2022-01-10",33832,29581,24746,6590
"713","2022-01-11",30195,26071,20527,5533
"714","2022-01-12",25980,23670,18416,4872
"715","2022-01-13",26906,21382,16202,4530
"716","2022-01-14",26372,17856,13968,4243
"717","2022-01-15",25931,15652,11975,3013
"718","2022-01-16",35466,19299,14687,2901
"719","2022-01-17",45518,26602,19482,5043
"720","2022-01-18",39606,24947,17204,4182
"721","2022-01-19",34429,24661,17150,4015
"722","2022-01-20",31708,21465,15219,3775
"723","2022-01-21",30118,18299,13838,3742
"724","2022-01-22",27929,16139,12328,2698
"725","2022-01-23",36632,19912,15542,2794
"726","2022-01-24",43081,25035,19199,4449
"727","2022-01-25",35946,23095,17490,4130
"728","2022-01-26",31426,23169,18273,4100
"729","2022-01-27",28097,20100,16426,3901
"730","2022-01-28",24987,16559,14143,3932
"731","2022-01-29",22231,14466,12867,3027
"732","2022-01-30",27716,16922,15296,3022
"733","2022-01-31",30415,20566,18149,4385
"734","2022-02-01",24169,19199,16581,4046
"735","2022-02-02",20267,19099,16407,4172
"736","2022-02-03",17826,16292,14288,3672
"737","2022-02-04",14448,12657,12015,3624
"738","2022-02-05",12001,10367,10092,2650
"739","2022-02-06",15126,11897,11565,2719
"740","2022-02-07",17121,15469,14273,3870
"741","2022-02-08",13257,14419,12859,3540
"742","2022-02-09",11114,13894,12304,3285
"743","2022-02-10",9201,10918,10060,2887
"744","2022-02-11",7464,8868,8708,2832
"745","2022-02-12",6283,7382,7524,2337
"746","2022-02-13",7260,8348,8413,2297
"747","2022-02-14",8579,11293,10859,3314
"748","2022-02-15",7196,11185,10181,3237
"749","2022-02-16",6607,10970,10338,3338
"750","2022-02-17",5803,9247,8932,2957
"751","2022-02-18",4110,6563,6652,2516
"752","2022-02-19",4743,7040,7262,2151
"753","2022-02-20",5094,7498,7956,2308
"754","2022-02-21",5264,9048,9009,3129
"755","2022-02-22",3879,7840,7689,2696
"756","2022-02-23",3370,7289,7202,2565
"757","2022-02-24",2727,5843,6262,2359
