"","date","name","code","daily_cases","cases_seven_day_average"
"1","2021-12-29","United Kingdom","K02000001",183037,130674.714285714
"2","2021-12-28","United Kingdom","K02000001",138831,120191.571428571
"3","2021-12-27","United Kingdom","K02000001",109077,113305.571428571
"4","2021-12-26","United Kingdom","K02000001",119923,110829.285714286
"5","2021-12-25","United Kingdom","K02000001",121880,105538.285714286
"6","2021-12-24","United Kingdom","K02000001",122186,101043.714285714
"7","2021-12-23","United Kingdom","K02000001",119789,96880.7142857143
"8","2021-12-22","United Kingdom","K02000001",109655,92393.1428571429
"9","2021-12-21","United Kingdom","K02000001",90629,87958.1428571429
"10","2021-12-20","United Kingdom","K02000001",91743,83526.8571428571
"11","2021-12-19","United Kingdom","K02000001",82886,78229.4285714286
"12","2021-12-18","United Kingdom","K02000001",90418,73367.7142857143
"13","2021-12-17","United Kingdom","K02000001",93045,68175.5714285714
"14","2021-12-16","United Kingdom","K02000001",88376,63196.8571428571
"15","2021-12-15","United Kingdom","K02000001",78610,57838.4285714286
"16","2021-12-14","United Kingdom","K02000001",59610,53943
"17","2021-12-13","United Kingdom","K02000001",54661,51954.5714285714
"18","2021-12-12","United Kingdom","K02000001",48854,51497.1428571429
"19","2021-12-11","United Kingdom","K02000001",54073,50802.5714285714
"20","2021-12-10","United Kingdom","K02000001",58194,49199
"21","2021-12-09","United Kingdom","K02000001",50867,48111.8571428571
"22","2021-12-08","United Kingdom","K02000001",51342,48551.5714285714
"23","2021-12-07","United Kingdom","K02000001",45691,48127.5714285714
"24","2021-12-06","United Kingdom","K02000001",51459,47274
"25","2021-12-05","United Kingdom","K02000001",43992,46006
"26","2021-12-04","United Kingdom","K02000001",42848,45104.4285714286
"27","2021-12-03","United Kingdom","K02000001",50584,44635.7142857143
"28","2021-12-02","United Kingdom","K02000001",53945,44565.2857142857
"29","2021-12-01","United Kingdom","K02000001",48374,43607.4285714286
"30","2021-11-30","United Kingdom","K02000001",39716,42936.2857142857
"31","2021-11-29","United Kingdom","K02000001",42583,43331.7142857143
"32","2021-11-28","United Kingdom","K02000001",37681,43665.1428571429
"33","2021-11-27","United Kingdom","K02000001",39567,43997
"34","2021-11-26","United Kingdom","K02000001",50091,44193.2857142857
"35","2021-11-25","United Kingdom","K02000001",47240,43357.7142857143
"36","2021-11-24","United Kingdom","K02000001",43676,43295.8571428571
"37","2021-11-23","United Kingdom","K02000001",42484,42522.5714285714
"38","2021-11-22","United Kingdom","K02000001",44917,41773.8571428571
"39","2021-11-21","United Kingdom","K02000001",40004,41029.2857142857
"40","2021-11-20","United Kingdom","K02000001",40941,40531.1428571429
"41","2021-11-19","United Kingdom","K02000001",44242,40161.1428571429
"42","2021-11-18","United Kingdom","K02000001",46807,39608.7142857143
"43","2021-11-17","United Kingdom","K02000001",38263,38980.2857142857
"44","2021-11-16","United Kingdom","K02000001",37243,39132.5714285714
"45","2021-11-15","United Kingdom","K02000001",39705,38543.1428571429
"46","2021-11-14","United Kingdom","K02000001",36517,37488.4285714286
"47","2021-11-13","United Kingdom","K02000001",38351,36601
"48","2021-11-12","United Kingdom","K02000001",40375,35507
"49","2021-11-11","United Kingdom","K02000001",42408,34600.4285714286
"50","2021-11-10","United Kingdom","K02000001",39329,33866.2857142857
"51","2021-11-09","United Kingdom","K02000001",33117,34147.7142857143
"52","2021-11-08","United Kingdom","K02000001",32322,34254.5714285714
"53","2021-11-07","United Kingdom","K02000001",30305,35362.4285714286
"54","2021-11-06","United Kingdom","K02000001",30693,36463
"55","2021-11-05","United Kingdom","K02000001",34029,37975.1428571429
"56","2021-11-04","United Kingdom","K02000001",37269,39323.4285714286
"57","2021-11-03","United Kingdom","K02000001",41299,39691
"58","2021-11-02","United Kingdom","K02000001",33865,40068.4285714286
"59","2021-11-01","United Kingdom","K02000001",40077,41081.1428571429
"60","2021-10-31","United Kingdom","K02000001",38009,40579.7142857143
"61","2021-10-30","United Kingdom","K02000001",41278,40858.7142857143
"62","2021-10-29","United Kingdom","K02000001",43467,41388.2857142857
"63","2021-10-28","United Kingdom","K02000001",39842,42221.2857142857
"64","2021-10-27","United Kingdom","K02000001",43941,43959.4285714286
"65","2021-10-26","United Kingdom","K02000001",40954,44702
"66","2021-10-25","United Kingdom","K02000001",36567,45099.7142857143
"67","2021-10-24","United Kingdom","K02000001",39962,46898.1428571429
"68","2021-10-23","United Kingdom","K02000001",44985,47637.8571428571
"69","2021-10-22","United Kingdom","K02000001",49298,47414.7142857143
"70","2021-10-21","United Kingdom","K02000001",52009,46791
"71","2021-10-20","United Kingdom","K02000001",49139,45799.1428571429
"72","2021-10-19","United Kingdom","K02000001",43738,44890.1428571429
"73","2021-10-18","United Kingdom","K02000001",49156,44144.7142857143
"74","2021-10-17","United Kingdom","K02000001",45140,42868.7142857143
"75","2021-10-16","United Kingdom","K02000001",43423,41359.2857142857
"76","2021-10-15","United Kingdom","K02000001",44932,40148.8571428571
"77","2021-10-14","United Kingdom","K02000001",45066,39696.4285714286
"78","2021-10-13","United Kingdom","K02000001",42776,39072.8571428571
"79","2021-10-12","United Kingdom","K02000001",38520,38655
"80","2021-10-11","United Kingdom","K02000001",40224,37990.5714285714
"81","2021-10-10","United Kingdom","K02000001",34574,37255.2857142857
"82","2021-10-09","United Kingdom","K02000001",34950,36664.5714285714
"83","2021-10-08","United Kingdom","K02000001",41765,36000.4285714286
"84","2021-10-07","United Kingdom","K02000001",40701,35116.4285714286
"85","2021-10-06","United Kingdom","K02000001",39851,34513.4285714286
"86","2021-10-05","United Kingdom","K02000001",33869,34066.4285714286
"87","2021-10-04","United Kingdom","K02000001",35077,34160.2857142857
"88","2021-10-03","United Kingdom","K02000001",30439,34572.1428571429
"89","2021-10-02","United Kingdom","K02000001",30301,34854.7142857143
"90","2021-10-01","United Kingdom","K02000001",35577,35164.2857142857
"91","2021-09-30","United Kingdom","K02000001",36480,35170.8571428571
"92","2021-09-29","United Kingdom","K02000001",36722,35203.7142857143
"93","2021-09-28","United Kingdom","K02000001",34526,34880.5714285714
"94","2021-09-27","United Kingdom","K02000001",37960,34457.4285714286
"95","2021-09-26","United Kingdom","K02000001",32417,34191.7142857143
"96","2021-09-25","United Kingdom","K02000001",32468,33791
"97","2021-09-24","United Kingdom","K02000001",35623,33459
"98","2021-09-23","United Kingdom","K02000001",36710,33034.4285714286
"99","2021-09-22","United Kingdom","K02000001",34460,31634.5714285714
"100","2021-09-21","United Kingdom","K02000001",31564,31082.7142857143
"101","2021-09-20","United Kingdom","K02000001",36100,30377.5714285714
"102","2021-09-19","United Kingdom","K02000001",29612,29624
"103","2021-09-18","United Kingdom","K02000001",30144,29561.2857142857
"104","2021-09-17","United Kingdom","K02000001",32651,29476
"105","2021-09-16","United Kingdom","K02000001",26911,30186.1428571429
"106","2021-09-15","United Kingdom","K02000001",30597,31772.1428571429
"107","2021-09-14","United Kingdom","K02000001",26628,32969
"108","2021-09-13","United Kingdom","K02000001",30825,34520.5714285714
"109","2021-09-12","United Kingdom","K02000001",29173,36001.5714285714
"110","2021-09-11","United Kingdom","K02000001",29547,37121.2857142857
"111","2021-09-10","United Kingdom","K02000001",37622,38268.5714285714
"112","2021-09-09","United Kingdom","K02000001",38013,38904.8571428571
"113","2021-09-08","United Kingdom","K02000001",38975,38925
"114","2021-09-07","United Kingdom","K02000001",37489,38456.1428571429
"115","2021-09-06","United Kingdom","K02000001",41192,37697.8571428571
"116","2021-09-05","United Kingdom","K02000001",37011,35595.5714285714
"117","2021-09-04","United Kingdom","K02000001",37578,35050.5714285714
"118","2021-09-03","United Kingdom","K02000001",42076,34311.7142857143
"119","2021-09-02","United Kingdom","K02000001",38154,33736
"120","2021-09-01","United Kingdom","K02000001",35693,33754.1428571429
"121","2021-08-31","United Kingdom","K02000001",32181,33776.1428571429
"122","2021-08-30","United Kingdom","K02000001",26476,33584.2857142857
"123","2021-08-29","United Kingdom","K02000001",33196,34361.1428571429
"124","2021-08-28","United Kingdom","K02000001",32406,34226.4285714286
"125","2021-08-27","United Kingdom","K02000001",38046,34176.7142857143
"126","2021-08-26","United Kingdom","K02000001",38281,34072.1428571429
"127","2021-08-25","United Kingdom","K02000001",35847,33828
"128","2021-08-24","United Kingdom","K02000001",30838,33550.4285714286
"129","2021-08-23","United Kingdom","K02000001",31914,32981
"130","2021-08-22","United Kingdom","K02000001",32253,32484.4285714286
"131","2021-08-21","United Kingdom","K02000001",32058,31698.2857142857
"132","2021-08-20","United Kingdom","K02000001",37314,31335.7142857143
"133","2021-08-19","United Kingdom","K02000001",36572,30676.5714285714
"134","2021-08-18","United Kingdom","K02000001",33904,30176.8571428571
"135","2021-08-17","United Kingdom","K02000001",26852,29563.7142857143
"136","2021-08-16","United Kingdom","K02000001",28438,29086.2857142857
"137","2021-08-15","United Kingdom","K02000001",26750,28618.1428571429
"138","2021-08-14","United Kingdom","K02000001",29520,28715.1428571429
"139","2021-08-13","United Kingdom","K02000001",32700,28585.4285714286
"140","2021-08-12","United Kingdom","K02000001",33074,28458
"141","2021-08-11","United Kingdom","K02000001",29612,28049.5714285714
"142","2021-08-10","United Kingdom","K02000001",23510,28006.7142857143
"143","2021-08-09","United Kingdom","K02000001",25161,27746.8571428571
"144","2021-08-08","United Kingdom","K02000001",27429,27288.4285714286
"145","2021-08-07","United Kingdom","K02000001",28612,26865.7142857143
"146","2021-08-06","United Kingdom","K02000001",31808,26513.1428571429
"147","2021-08-05","United Kingdom","K02000001",30215,26200.8571428571
"148","2021-08-04","United Kingdom","K02000001",29312,26329.7142857143
"149","2021-08-03","United Kingdom","K02000001",21691,26104.2857142857
"150","2021-08-02","United Kingdom","K02000001",21952,26364.2857142857
"151","2021-08-01","United Kingdom","K02000001",24470,26792.5714285714
"152","2021-07-31","United Kingdom","K02000001",26144,27464.4285714286
"153","2021-07-30","United Kingdom","K02000001",29622,28271.7142857143
"154","2021-07-29","United Kingdom","K02000001",31117,29238.4285714286
"155","2021-07-28","United Kingdom","K02000001",27734,30494
"156","2021-07-27","United Kingdom","K02000001",23511,32832.5714285714
"157","2021-07-26","United Kingdom","K02000001",24950,36125
"158","2021-07-25","United Kingdom","K02000001",29173,38267.8571428571
"159","2021-07-24","United Kingdom","K02000001",31795,40980.4285714286
"160","2021-07-23","United Kingdom","K02000001",36389,44248.8571428571
"161","2021-07-22","United Kingdom","K02000001",39906,46460.4285714286
"162","2021-07-21","United Kingdom","K02000001",44104,47695.7142857143
"163","2021-07-20","United Kingdom","K02000001",46558,47438.2857142857
"164","2021-07-19","United Kingdom","K02000001",39950,46024.2857142857
"165","2021-07-18","United Kingdom","K02000001",48161,45241.5714285714
"166","2021-07-17","United Kingdom","K02000001",54674,42900.2857142857
"167","2021-07-16","United Kingdom","K02000001",51870,39713.5714285714
"168","2021-07-15","United Kingdom","K02000001",48553,37404.5714285714
"169","2021-07-14","United Kingdom","K02000001",42302,35118.5714285714
"170","2021-07-13","United Kingdom","K02000001",36660,33725.1428571429
"171","2021-07-12","United Kingdom","K02000001",34471,32598.4285714286
"172","2021-07-11","United Kingdom","K02000001",31772,31578.8571428571
"173","2021-07-10","United Kingdom","K02000001",32367,30504
"174","2021-07-09","United Kingdom","K02000001",35707,29435.1428571429
"175","2021-07-08","United Kingdom","K02000001",32551,28209.1428571429
"176","2021-07-07","United Kingdom","K02000001",32548,27557.4285714286
"177","2021-07-06","United Kingdom","K02000001",28773,26631.7142857143
"178","2021-07-05","United Kingdom","K02000001",27334,25446.8571428571
"179","2021-07-04","United Kingdom","K02000001",24248,24808.8571428571
"180","2021-07-03","United Kingdom","K02000001",24885,23470
"181","2021-07-02","United Kingdom","K02000001",27125,22525
"182","2021-07-01","United Kingdom","K02000001",27989,20908.5714285714
"183","2021-06-30","United Kingdom","K02000001",26068,19296.2857142857
"184","2021-06-29","United Kingdom","K02000001",20479,17877.2857142857
"185","2021-06-28","United Kingdom","K02000001",22868,16612.4285714286
"186","2021-06-27","United Kingdom","K02000001",14876,14864.5714285714
"187","2021-06-26","United Kingdom","K02000001",18270,14065.7142857143
"188","2021-06-25","United Kingdom","K02000001",15810,12930.1428571429
"189","2021-06-24","United Kingdom","K02000001",16703,12168.1428571429
"190","2021-06-23","United Kingdom","K02000001",16135,11354.4285714286
"191","2021-06-22","United Kingdom","K02000001",11625,10343
"192","2021-06-21","United Kingdom","K02000001",10633,9778.42857142857
"193","2021-06-20","United Kingdom","K02000001",9284,9365.42857142857
"194","2021-06-19","United Kingdom","K02000001",10321,9109.14285714286
"195","2021-06-18","United Kingdom","K02000001",10476,8740.14285714286
"196","2021-06-17","United Kingdom","K02000001",11007,8404.28571428571
"197","2021-06-16","United Kingdom","K02000001",9055,7888
"198","2021-06-15","United Kingdom","K02000001",7673,7671.57142857143
"199","2021-06-14","United Kingdom","K02000001",7742,7439.42857142857
"200","2021-06-13","United Kingdom","K02000001",7490,7145.28571428571
"201","2021-06-12","United Kingdom","K02000001",7738,6838.28571428571
"202","2021-06-11","United Kingdom","K02000001",8125,6556.42857142857
"203","2021-06-10","United Kingdom","K02000001",7393,6286.85714285714
"204","2021-06-09","United Kingdom","K02000001",7540,5984.14285714286
"205","2021-06-08","United Kingdom","K02000001",6048,5525.57142857143
"206","2021-06-07","United Kingdom","K02000001",5683,5113.71428571429
"207","2021-06-06","United Kingdom","K02000001",5341,4785.14285714286
"208","2021-06-05","United Kingdom","K02000001",5765,4485
"209","2021-06-04","United Kingdom","K02000001",6238,4146.85714285714
"210","2021-06-03","United Kingdom","K02000001",5274,3853.14285714286
"211","2021-06-02","United Kingdom","K02000001",4330,3605.71428571429
"212","2021-06-01","United Kingdom","K02000001",3165,3441.42857142857
"213","2021-05-31","United Kingdom","K02000001",3383,3345.42857142857
"214","2021-05-30","United Kingdom","K02000001",3240,3210.57142857143
"215","2021-05-29","United Kingdom","K02000001",3398,3067
"216","2021-05-28","United Kingdom","K02000001",4182,2966.42857142857
"217","2021-05-27","United Kingdom","K02000001",3542,2773.14285714286
"218","2021-05-26","United Kingdom","K02000001",3180,2677.71428571429
"219","2021-05-25","United Kingdom","K02000001",2493,2608.57142857143
"220","2021-05-24","United Kingdom","K02000001",2439,2597
"221","2021-05-23","United Kingdom","K02000001",2235,2531.28571428571
"222","2021-05-22","United Kingdom","K02000001",2694,2487.14285714286
"223","2021-05-21","United Kingdom","K02000001",2829,2391.85714285714
"224","2021-05-20","United Kingdom","K02000001",2874,2301
"225","2021-05-19","United Kingdom","K02000001",2696,2270
"226","2021-05-18","United Kingdom","K02000001",2412,2211.14285714286
"227","2021-05-17","United Kingdom","K02000001",1979,2220
"228","2021-05-16","United Kingdom","K02000001",1926,2274
"229","2021-05-15","United Kingdom","K02000001",2027,2251.71428571429
"230","2021-05-14","United Kingdom","K02000001",2193,2254.57142857143
"231","2021-05-13","United Kingdom","K02000001",2657,2297
"232","2021-05-12","United Kingdom","K02000001",2284,2290.71428571429
"233","2021-05-11","United Kingdom","K02000001",2474,2270.71428571429
"234","2021-05-10","United Kingdom","K02000001",2357,2195.28571428571
"235","2021-05-09","United Kingdom","K02000001",1770,2094.14285714286
"236","2021-05-08","United Kingdom","K02000001",2047,2080
"237","2021-05-07","United Kingdom","K02000001",2490,2060
"238","2021-05-06","United Kingdom","K02000001",2613,2044.42857142857
"239","2021-05-05","United Kingdom","K02000001",2144,2020.42857142857
"240","2021-05-04","United Kingdom","K02000001",1946,2023.57142857143
"241","2021-05-03","United Kingdom","K02000001",1649,2129.14285714286
"242","2021-05-02","United Kingdom","K02000001",1671,2188.42857142857
"243","2021-05-01","United Kingdom","K02000001",1907,2194.28571428571
"244","2021-04-30","United Kingdom","K02000001",2381,2216.28571428571
"245","2021-04-29","United Kingdom","K02000001",2445,2258.71428571429
"246","2021-04-28","United Kingdom","K02000001",2166,2299.28571428571
"247","2021-04-27","United Kingdom","K02000001",2685,2332.14285714286
"248","2021-04-26","United Kingdom","K02000001",2064,2309.14285714286
"249","2021-04-25","United Kingdom","K02000001",1712,2437.57142857143
"250","2021-04-24","United Kingdom","K02000001",2061,2461.85714285714
"251","2021-04-23","United Kingdom","K02000001",2678,2482.57142857143
"252","2021-04-22","United Kingdom","K02000001",2729,2470.85714285714
"253","2021-04-21","United Kingdom","K02000001",2396,2462.71428571429
"254","2021-04-20","United Kingdom","K02000001",2524,2476.28571428571
"255","2021-04-19","United Kingdom","K02000001",2963,2468.85714285714
"256","2021-04-18","United Kingdom","K02000001",1882,2555.28571428571
"257","2021-04-17","United Kingdom","K02000001",2206,2533.57142857143
"258","2021-04-16","United Kingdom","K02000001",2596,2588.28571428571
"259","2021-04-15","United Kingdom","K02000001",2672,2667.42857142857
"260","2021-04-14","United Kingdom","K02000001",2491,2718.57142857143
"261","2021-04-13","United Kingdom","K02000001",2472,2757.42857142857
"262","2021-04-12","United Kingdom","K02000001",3568,2744.14285714286
"263","2021-04-11","United Kingdom","K02000001",1730,2629
"264","2021-04-10","United Kingdom","K02000001",2589,2710
"265","2021-04-09","United Kingdom","K02000001",3150,2829.14285714286
"266","2021-04-08","United Kingdom","K02000001",3030,2865.14285714286
"267","2021-04-07","United Kingdom","K02000001",2763,3072.14285714286
"268","2021-04-06","United Kingdom","K02000001",2379,3256.28571428571
"269","2021-04-05","United Kingdom","K02000001",2762,3493.57142857143
"270","2021-04-04","United Kingdom","K02000001",2297,3763.85714285714
"271","2021-04-03","United Kingdom","K02000001",3423,3987.42857142857
"272","2021-04-02","United Kingdom","K02000001",3402,4172
"273","2021-04-01","United Kingdom","K02000001",4479,4569.85714285714
"274","2021-03-31","United Kingdom","K02000001",4052,4843.85714285714
"275","2021-03-30","United Kingdom","K02000001",4040,5065.71428571429
"276","2021-03-29","United Kingdom","K02000001",4654,5257
"277","2021-03-28","United Kingdom","K02000001",3862,5355.28571428571
"278","2021-03-27","United Kingdom","K02000001",4715,5562.42857142857
"279","2021-03-26","United Kingdom","K02000001",6187,5687
"280","2021-03-25","United Kingdom","K02000001",6397,5489.14285714286
"281","2021-03-24","United Kingdom","K02000001",5605,5475.71428571429
"282","2021-03-23","United Kingdom","K02000001",5379,5497.57142857143
"283","2021-03-22","United Kingdom","K02000001",5342,5485.42857142857
"284","2021-03-21","United Kingdom","K02000001",5312,5449.28571428571
"285","2021-03-20","United Kingdom","K02000001",5587,5350.14285714286
"286","2021-03-19","United Kingdom","K02000001",4802,5342.57142857143
"287","2021-03-18","United Kingdom","K02000001",6303,5600.71428571429
"288","2021-03-17","United Kingdom","K02000001",5758,5665
"289","2021-03-16","United Kingdom","K02000001",5294,5689
"290","2021-03-15","United Kingdom","K02000001",5089,5756.42857142857
"291","2021-03-14","United Kingdom","K02000001",4618,5702.57142857143
"292","2021-03-13","United Kingdom","K02000001",5534,5782.42857142857
"293","2021-03-12","United Kingdom","K02000001",6609,5854.71428571429
"294","2021-03-11","United Kingdom","K02000001",6753,5760.14285714286
"295","2021-03-10","United Kingdom","K02000001",5926,5734.42857142857
"296","2021-03-09","United Kingdom","K02000001",5766,5800
"297","2021-03-08","United Kingdom","K02000001",4712,5889.28571428571
"298","2021-03-07","United Kingdom","K02000001",5177,5995.42857142857
"299","2021-03-06","United Kingdom","K02000001",6040,6118
"300","2021-03-05","United Kingdom","K02000001",5947,6317.14285714286
"301","2021-03-04","United Kingdom","K02000001",6573,6685.14285714286
"302","2021-03-03","United Kingdom","K02000001",6385,7172.57142857143
"303","2021-03-02","United Kingdom","K02000001",6391,7680.14285714286
"304","2021-03-01","United Kingdom","K02000001",5455,7979.85714285714
"305","2021-02-28","United Kingdom","K02000001",6035,8720.71428571429
"306","2021-02-27","United Kingdom","K02000001",7434,9263.42857142857
"307","2021-02-26","United Kingdom","K02000001",8523,9688
"308","2021-02-25","United Kingdom","K02000001",9985,10188.5714285714
"309","2021-02-24","United Kingdom","K02000001",9938,10484.5714285714
"310","2021-02-23","United Kingdom","K02000001",8489,10881.7142857143
"311","2021-02-22","United Kingdom","K02000001",10641,11186.8571428571
"312","2021-02-21","United Kingdom","K02000001",9834,11061.7142857143
"313","2021-02-20","United Kingdom","K02000001",10406,11224.2857142857
"314","2021-02-19","United Kingdom","K02000001",12027,11638.8571428571
"315","2021-02-18","United Kingdom","K02000001",12057,12084.1428571429
"316","2021-02-17","United Kingdom","K02000001",12718,12289.4285714286
"317","2021-02-16","United Kingdom","K02000001",10625,12331.5714285714
"318","2021-02-15","United Kingdom","K02000001",9765,12580
"319","2021-02-14","United Kingdom","K02000001",10972,13199.8571428571
"320","2021-02-13","United Kingdom","K02000001",13308,13896
"321","2021-02-12","United Kingdom","K02000001",15144,14603.7142857143
"322","2021-02-11","United Kingdom","K02000001",13494,15170.8571428571
"323","2021-02-10","United Kingdom","K02000001",13013,16190.8571428571
"324","2021-02-09","United Kingdom","K02000001",12364,17075
"325","2021-02-08","United Kingdom","K02000001",14104,17714.4285714286
"326","2021-02-07","United Kingdom","K02000001",15845,18357.7142857143
"327","2021-02-06","United Kingdom","K02000001",18262,19106.7142857143
"328","2021-02-05","United Kingdom","K02000001",19114,19822.8571428571
"329","2021-02-04","United Kingdom","K02000001",20634,21246.4285714286
"330","2021-02-03","United Kingdom","K02000001",19202,22395.8571428571
"331","2021-02-02","United Kingdom","K02000001",16840,23268.1428571429
"332","2021-02-01","United Kingdom","K02000001",18607,23732.2857142857
"333","2021-01-31","United Kingdom","K02000001",21088,24244.8571428571
"334","2021-01-30","United Kingdom","K02000001",23275,25518.5714285714
"335","2021-01-29","United Kingdom","K02000001",29079,26986.7142857143
"336","2021-01-28","United Kingdom","K02000001",28680,28584.1428571429
"337","2021-01-27","United Kingdom","K02000001",25308,29900.1428571429
"338","2021-01-26","United Kingdom","K02000001",20089,31842.5714285714
"339","2021-01-25","United Kingdom","K02000001",22195,33737.7142857143
"340","2021-01-24","United Kingdom","K02000001",30004,35929.1428571429
"341","2021-01-23","United Kingdom","K02000001",33552,37156.8571428571
"342","2021-01-22","United Kingdom","K02000001",40261,38270.2857142857
"343","2021-01-21","United Kingdom","K02000001",37892,40484.5714285714
"344","2021-01-20","United Kingdom","K02000001",38905,42026
"345","2021-01-19","United Kingdom","K02000001",33355,43257.4285714286
"346","2021-01-18","United Kingdom","K02000001",37535,44997.1428571429
"347","2021-01-17","United Kingdom","K02000001",38598,46230.5714285714
"348","2021-01-16","United Kingdom","K02000001",41346,48565.1428571429
"349","2021-01-15","United Kingdom","K02000001",55761,51221
"350","2021-01-14","United Kingdom","K02000001",48682,52977
"351","2021-01-13","United Kingdom","K02000001",47525,53539.2857142857
"352","2021-01-12","United Kingdom","K02000001",45533,55653.1428571429
"353","2021-01-11","United Kingdom","K02000001",46169,57850.7142857143
"354","2021-01-10","United Kingdom","K02000001",54940,59652.8571428571
"355","2021-01-09","United Kingdom","K02000001",59937,59660
"356","2021-01-08","United Kingdom","K02000001",68053,59344
"357","2021-01-07","United Kingdom","K02000001",52618,57234.2857142857
"358","2021-01-06","United Kingdom","K02000001",62322,57702
"359","2021-01-05","United Kingdom","K02000001",60916,55945
"360","2021-01-04","United Kingdom","K02000001",58784,54833.4285714286
"361","2021-01-03","United Kingdom","K02000001",54990,52347.8571428571
"362","2021-01-02","United Kingdom","K02000001",57725,48849.4285714286
"363","2021-01-01","United Kingdom","K02000001",53285,45701.7142857143
"364","2020-12-31","United Kingdom","K02000001",55892,42764.5714285714
"365","2020-12-30","United Kingdom","K02000001",50023,40476.7142857143
"366","2020-12-29","United Kingdom","K02000001",53135,38935.8571428571
"367","2020-12-28","United Kingdom","K02000001",41385,36602.8571428571
"368","2020-12-27","United Kingdom","K02000001",30501,35457
"369","2020-12-26","United Kingdom","K02000001",35691,36232.2857142857
"370","2020-12-25","United Kingdom","K02000001",32725,34998.1428571429
"371","2020-12-24","United Kingdom","K02000001",39877,34395.5714285714
"372","2020-12-23","United Kingdom","K02000001",39237,33753.5714285714
"373","2020-12-22","United Kingdom","K02000001",36804,31742.7142857143
"374","2020-12-21","United Kingdom","K02000001",33364,29120.7142857143
"375","2020-12-20","United Kingdom","K02000001",35928,27249.1428571429
"376","2020-12-19","United Kingdom","K02000001",27052,24751.8571428571
"377","2020-12-18","United Kingdom","K02000001",28507,23959
"378","2020-12-17","United Kingdom","K02000001",35383,22982.5714285714
"379","2020-12-16","United Kingdom","K02000001",25161,20922.7142857143
"380","2020-12-15","United Kingdom","K02000001",18450,19696.5714285714
"381","2020-12-14","United Kingdom","K02000001",20263,18815.4285714286
"382","2020-12-13","United Kingdom","K02000001",18447,18023.2857142857
"383","2020-12-12","United Kingdom","K02000001",21502,17855.4285714286
"384","2020-12-11","United Kingdom","K02000001",21672,17003.5714285714
"385","2020-12-10","United Kingdom","K02000001",20964,16235.8571428571
"386","2020-12-09","United Kingdom","K02000001",16578,15366.5714285714
"387","2020-12-08","United Kingdom","K02000001",12282,15308.2857142857
"388","2020-12-07","United Kingdom","K02000001",14718,15472.2857142857
"389","2020-12-06","United Kingdom","K02000001",17272,15131.1428571429
"390","2020-12-05","United Kingdom","K02000001",15539,14400.1428571429
"391","2020-12-04","United Kingdom","K02000001",16298,14447.5714285714
"392","2020-12-03","United Kingdom","K02000001",14879,14408.1428571429
"393","2020-12-02","United Kingdom","K02000001",16170,14790.4285714286
"394","2020-12-01","United Kingdom","K02000001",13430,15082.2857142857
"395","2020-11-30","United Kingdom","K02000001",12330,14777.8571428571
"396","2020-11-29","United Kingdom","K02000001",12155,15223.5714285714
"397","2020-11-28","United Kingdom","K02000001",15871,16153.1428571429
"398","2020-11-27","United Kingdom","K02000001",16022,16725.1428571429
"399","2020-11-26","United Kingdom","K02000001",17555,17329.4285714286
"400","2020-11-25","United Kingdom","K02000001",18213,18095.1428571429
"401","2020-11-24","United Kingdom","K02000001",11299,18294.5714285714
"402","2020-11-23","United Kingdom","K02000001",15450,19544.8571428571
"403","2020-11-22","United Kingdom","K02000001",18662,20389.5714285714
"404","2020-11-21","United Kingdom","K02000001",19875,21289.5714285714
"405","2020-11-20","United Kingdom","K02000001",20252,22287.4285714286
"406","2020-11-19","United Kingdom","K02000001",22915,23294.4285714286
"407","2020-11-18","United Kingdom","K02000001",19609,24802.2857142857
"408","2020-11-17","United Kingdom","K02000001",20051,25279.5714285714
"409","2020-11-16","United Kingdom","K02000001",21363,25331.1428571429
"410","2020-11-15","United Kingdom","K02000001",24962,25329.2857142857
"411","2020-11-14","United Kingdom","K02000001",26860,24702.1428571429
"412","2020-11-13","United Kingdom","K02000001",27301,24430.2857142857
"413","2020-11-12","United Kingdom","K02000001",33470,23856.8571428571
"414","2020-11-11","United Kingdom","K02000001",22950,22524.1428571429
"415","2020-11-10","United Kingdom","K02000001",20412,22842.2857142857
"416","2020-11-09","United Kingdom","K02000001",21350,22786
"417","2020-11-08","United Kingdom","K02000001",20572,22443.1428571429
"418","2020-11-07","United Kingdom","K02000001",24957,22826.2857142857
"419","2020-11-06","United Kingdom","K02000001",23287,22391.7142857143
"420","2020-11-05","United Kingdom","K02000001",24141,22551.4285714286
"421","2020-11-04","United Kingdom","K02000001",25177,22397.7142857143
"422","2020-11-03","United Kingdom","K02000001",20018,22329.7142857143
"423","2020-11-02","United Kingdom","K02000001",18950,22739.2857142857
"424","2020-11-01","United Kingdom","K02000001",23254,23016.4285714286
"425","2020-10-31","United Kingdom","K02000001",21915,22521.5714285714
"426","2020-10-30","United Kingdom","K02000001",24405,22678.2857142857
"427","2020-10-29","United Kingdom","K02000001",23065,22124.7142857143
"428","2020-10-28","United Kingdom","K02000001",24701,21864.2857142857
"429","2020-10-27","United Kingdom","K02000001",22885,22148.1428571429
"430","2020-10-26","United Kingdom","K02000001",20890,21926.1428571429
"431","2020-10-25","United Kingdom","K02000001",19790,21628.1428571429
"432","2020-10-24","United Kingdom","K02000001",23012,21227
"433","2020-10-23","United Kingdom","K02000001",20530,20249.7142857143
"434","2020-10-22","United Kingdom","K02000001",21242,19552.5714285714
"435","2020-10-21","United Kingdom","K02000001",26688,19229.4285714286
"436","2020-10-20","United Kingdom","K02000001",21331,18234.5714285714
"437","2020-10-19","United Kingdom","K02000001",18804,17649.2857142857
"438","2020-10-18","United Kingdom","K02000001",16982,16959
"439","2020-10-17","United Kingdom","K02000001",16171,16371.8571428571
"440","2020-10-16","United Kingdom","K02000001",15650,16228.2857142857
"441","2020-10-15","United Kingdom","K02000001",18980,15973.1428571429
"442","2020-10-14","United Kingdom","K02000001",19724,15767.4285714286
"443","2020-10-13","United Kingdom","K02000001",17234,14972.8571428571
"444","2020-10-12","United Kingdom","K02000001",13972,14588.2857142857
"445","2020-10-11","United Kingdom","K02000001",12872,14391.4285714286
"446","2020-10-10","United Kingdom","K02000001",15166,15832.7142857143
"447","2020-10-09","United Kingdom","K02000001",13864,15505
"448","2020-10-08","United Kingdom","K02000001",17540,14519.8571428571
"449","2020-10-07","United Kingdom","K02000001",14162,13001.8571428571
"450","2020-10-06","United Kingdom","K02000001",14542,11994.1428571429
"451","2020-10-05","United Kingdom","K02000001",12594,10937.1428571429
"452","2020-10-04","United Kingdom","K02000001",22961,9715.71428571429
"453","2020-10-03","United Kingdom","K02000001",12872,7248.85714285714
"454","2020-10-02","United Kingdom","K02000001",6968,6273.14285714286
"455","2020-10-01","United Kingdom","K02000001",6914,6259.71428571429
"456","2020-09-30","United Kingdom","K02000001",7108,6219.71428571429
"457","2020-09-29","United Kingdom","K02000001",7143,6086.85714285714
"458","2020-09-28","United Kingdom","K02000001",4044,5770.14285714286
"459","2020-09-27","United Kingdom","K02000001",5693,5816.42857142857
"460","2020-09-26","United Kingdom","K02000001",6042,5560.14285714286
"461","2020-09-25","United Kingdom","K02000001",6874,5328.71428571429
"462","2020-09-24","United Kingdom","K02000001",6634,4964.14285714286
"463","2020-09-23","United Kingdom","K02000001",6178,4501.42857142857
"464","2020-09-22","United Kingdom","K02000001",4926,4189
"465","2020-09-21","United Kingdom","K02000001",4368,3928.85714285714
"466","2020-09-20","United Kingdom","K02000001",3899,3679.28571428571
"467","2020-09-19","United Kingdom","K02000001",4422,3598
"468","2020-09-18","United Kingdom","K02000001",4322,3465.85714285714
"469","2020-09-17","United Kingdom","K02000001",3395,3354
"470","2020-09-16","United Kingdom","K02000001",3991,3286
"471","2020-09-15","United Kingdom","K02000001",3105,3095.71428571429
"472","2020-09-14","United Kingdom","K02000001",2621,3003.57142857143
"473","2020-09-13","United Kingdom","K02000001",3330,3050.28571428571
"474","2020-09-12","United Kingdom","K02000001",3497,3001.42857142857
"475","2020-09-11","United Kingdom","K02000001",3539,2760.85714285714
"476","2020-09-10","United Kingdom","K02000001",2919,2532.42857142857
"477","2020-09-09","United Kingdom","K02000001",2659,2363.28571428571
"478","2020-09-08","United Kingdom","K02000001",2460,2198.85714285714
"479","2020-09-07","United Kingdom","K02000001",2948,2032.42857142857
"480","2020-09-06","United Kingdom","K02000001",2988,1812.14285714286
"481","2020-09-05","United Kingdom","K02000001",1813,1630.28571428571
"482","2020-09-04","United Kingdom","K02000001",1940,1529.57142857143
"483","2020-09-03","United Kingdom","K02000001",1735,1434.71428571429
"484","2020-09-02","United Kingdom","K02000001",1508,1404.28571428571
"485","2020-09-01","United Kingdom","K02000001",1295,1338.57142857143
"486","2020-08-31","United Kingdom","K02000001",1406,1322.71428571429
"487","2020-08-30","United Kingdom","K02000001",1715,1243.71428571429
"488","2020-08-29","United Kingdom","K02000001",1108,1164.42857142857
"489","2020-08-28","United Kingdom","K02000001",1276,1190.14285714286
"490","2020-08-27","United Kingdom","K02000001",1522,1155.42857142857
"491","2020-08-26","United Kingdom","K02000001",1048,1106.85714285714
"492","2020-08-25","United Kingdom","K02000001",1184,1073.14285714286
"493","2020-08-24","United Kingdom","K02000001",853,1059.57142857143
"494","2020-08-23","United Kingdom","K02000001",1160,1039.57142857143
"495","2020-08-22","United Kingdom","K02000001",1288,1022.42857142857
"496","2020-08-21","United Kingdom","K02000001",1033,992.285714285714
"497","2020-08-20","United Kingdom","K02000001",1182,1050.57142857143
"498","2020-08-19","United Kingdom","K02000001",812,1043
"499","2020-08-18","United Kingdom","K02000001",1089,1071.14285714286
"500","2020-08-17","United Kingdom","K02000001",713,1079.57142857143
"501","2020-08-16","United Kingdom","K02000001",1040,1083.42857142857
"502","2020-08-15","United Kingdom","K02000001",1077,1086.57142857143
"503","2020-08-14","United Kingdom","K02000001",1441,1041
"504","2020-08-13","United Kingdom","K02000001",1129,959.571428571429
"505","2020-08-12","United Kingdom","K02000001",1009,934
"506","2020-08-11","United Kingdom","K02000001",1148,917.285714285714
"507","2020-08-10","United Kingdom","K02000001",740,849
"508","2020-08-09","United Kingdom","K02000001",1062,871.571428571429
"509","2020-08-08","United Kingdom","K02000001",758,826.142857142857
"510","2020-08-07","United Kingdom","K02000001",871,826.571428571429
"511","2020-08-06","United Kingdom","K02000001",950,827.857142857143
"512","2020-08-05","United Kingdom","K02000001",892,813
"513","2020-08-04","United Kingdom","K02000001",670,794.571428571429
"514","2020-08-03","United Kingdom","K02000001",898,781.857142857143
"515","2020-08-02","United Kingdom","K02000001",744,751.428571428571
"516","2020-08-01","United Kingdom","K02000001",761,751.571428571429
"517","2020-07-31","United Kingdom","K02000001",880,752.428571428571
"518","2020-07-30","United Kingdom","K02000001",846,736.428571428571
"519","2020-07-29","United Kingdom","K02000001",763,725.428571428571
"520","2020-07-28","United Kingdom","K02000001",581,696.428571428571
"521","2020-07-27","United Kingdom","K02000001",685,677
"522","2020-07-26","United Kingdom","K02000001",745,658.714285714286
"523","2020-07-25","United Kingdom","K02000001",767,656
"524","2020-07-24","United Kingdom","K02000001",768,664.571428571429
"525","2020-07-23","United Kingdom","K02000001",769,653
"526","2020-07-22","United Kingdom","K02000001",560,634.857142857143
"527","2020-07-21","United Kingdom","K02000001",445,631.714285714286
"528","2020-07-20","United Kingdom","K02000001",557,625
"529","2020-07-19","United Kingdom","K02000001",726,621.142857142857
"530","2020-07-18","United Kingdom","K02000001",827,610.285714285714
"531","2020-07-17","United Kingdom","K02000001",687,609.285714285714
"532","2020-07-16","United Kingdom","K02000001",642,584.285714285714
"533","2020-07-15","United Kingdom","K02000001",538,584.285714285714
"534","2020-07-14","United Kingdom","K02000001",398,597.428571428571
"535","2020-07-13","United Kingdom","K02000001",530,623.571428571429
"536","2020-07-12","United Kingdom","K02000001",650,596.857142857143
"537","2020-07-11","United Kingdom","K02000001",820,577.714285714286
"538","2020-07-10","United Kingdom","K02000001",512,549.714285714286
"539","2020-07-09","United Kingdom","K02000001",642,554.285714285714
"540","2020-07-08","United Kingdom","K02000001",630,544.857142857143
"541","2020-07-07","United Kingdom","K02000001",581,573.285714285714
"542","2020-07-06","United Kingdom","K02000001",343,588.714285714286
"543","2020-07-05","United Kingdom","K02000001",516,656.142857142857
"544","2020-07-04","United Kingdom","K02000001",624,711.142857142857
"545","2020-07-03","United Kingdom","K02000001",544,749.142857142857
"546","2020-07-02","United Kingdom","K02000001",576,815.142857142857
"547","2020-07-01","United Kingdom","K02000001",829,892.571428571429
"548","2020-06-30","United Kingdom","K02000001",689,867.428571428571
"549","2020-06-29","United Kingdom","K02000001",815,893.857142857143
"550","2020-06-28","United Kingdom","K02000001",901,914.285714285714
"551","2020-06-27","United Kingdom","K02000001",890,960
"552","2020-06-26","United Kingdom","K02000001",1006,1017.85714285714
"553","2020-06-25","United Kingdom","K02000001",1118,1066.42857142857
"554","2020-06-24","United Kingdom","K02000001",653,1080.71428571429
"555","2020-06-23","United Kingdom","K02000001",874,1146.71428571429
"556","2020-06-22","United Kingdom","K02000001",958,1204.57142857143
"557","2020-06-21","United Kingdom","K02000001",1221,1218.57142857143
"558","2020-06-20","United Kingdom","K02000001",1295,1260.42857142857
"559","2020-06-19","United Kingdom","K02000001",1346,1279
"560","2020-06-18","United Kingdom","K02000001",1218,1306.85714285714
"561","2020-06-17","United Kingdom","K02000001",1115,1313.71428571429
"562","2020-06-16","United Kingdom","K02000001",1279,1297.71428571429
"563","2020-06-15","United Kingdom","K02000001",1056,1313.14285714286
"564","2020-06-14","United Kingdom","K02000001",1514,1334.42857142857
"565","2020-06-13","United Kingdom","K02000001",1425,1307.57142857143
"566","2020-06-12","United Kingdom","K02000001",1541,1326.42857142857
"567","2020-06-11","United Kingdom","K02000001",1266,1342
"568","2020-06-10","United Kingdom","K02000001",1003,1419
"569","2020-06-09","United Kingdom","K02000001",1387,1543
"570","2020-06-08","United Kingdom","K02000001",1205,1575.28571428571
"571","2020-06-07","United Kingdom","K02000001",1326,1627.42857142857
"572","2020-06-06","United Kingdom","K02000001",1557,1714.57142857143
"573","2020-06-05","United Kingdom","K02000001",1650,1841.42857142857
"574","2020-06-04","United Kingdom","K02000001",1805,1905
"575","2020-06-03","United Kingdom","K02000001",1871,1916.71428571429
"576","2020-06-02","United Kingdom","K02000001",1613,1937
"577","2020-06-01","United Kingdom","K02000001",1570,1992.85714285714
"578","2020-05-31","United Kingdom","K02000001",1936,2000.71428571429
"579","2020-05-30","United Kingdom","K02000001",2445,2068.28571428571
"580","2020-05-29","United Kingdom","K02000001",2095,2141.71428571429
"581","2020-05-28","United Kingdom","K02000001",1887,2312
"582","2020-05-27","United Kingdom","K02000001",2013,2416
"583","2020-05-26","United Kingdom","K02000001",2004,2481.57142857143
"584","2020-05-25","United Kingdom","K02000001",1625,2539.85714285714
"585","2020-05-24","United Kingdom","K02000001",2409,2691.14285714286
"586","2020-05-23","United Kingdom","K02000001",2959,2855.85714285714
"587","2020-05-22","United Kingdom","K02000001",3287,2926.14285714286
"588","2020-05-21","United Kingdom","K02000001",2615,2965.14285714286
"589","2020-05-20","United Kingdom","K02000001",2472,3083.85714285714
"590","2020-05-19","United Kingdom","K02000001",2412,3193.85714285714
"591","2020-05-18","United Kingdom","K02000001",2684,3335.42857142857
"592","2020-05-17","United Kingdom","K02000001",3562,3505.85714285714
"593","2020-05-16","United Kingdom","K02000001",3451,3557.42857142857
"594","2020-05-15","United Kingdom","K02000001",3560,3621
"595","2020-05-14","United Kingdom","K02000001",3446,3776.57142857143
"596","2020-05-13","United Kingdom","K02000001",3242,4086.28571428571
"597","2020-05-12","United Kingdom","K02000001",3403,4496.14285714286
"598","2020-05-11","United Kingdom","K02000001",3877,4639.42857142857
"599","2020-05-10","United Kingdom","K02000001",3923,4654.85714285714
"600","2020-05-09","United Kingdom","K02000001",3896,4714.28571428571
"601","2020-05-08","United Kingdom","K02000001",4649,4844.28571428571
"602","2020-05-07","United Kingdom","K02000001",5614,5066
"603","2020-05-06","United Kingdom","K02000001",6111,5125.71428571429
"604","2020-05-05","United Kingdom","K02000001",4406,4835
"605","2020-05-04","United Kingdom","K02000001",3985,4776.42857142857
"606","2020-05-03","United Kingdom","K02000001",4339,4822.85714285714
"607","2020-05-02","United Kingdom","K02000001",4806,4840.57142857143
"608","2020-05-01","United Kingdom","K02000001",6201,4855.85714285714
"609","2020-04-30","United Kingdom","K02000001",6032,4739.42857142857
"610","2020-04-29","United Kingdom","K02000001",4076,4532.42857142857
"611","2020-04-28","United Kingdom","K02000001",3996,4586
"612","2020-04-27","United Kingdom","K02000001",4310,4629.57142857143
"613","2020-04-26","United Kingdom","K02000001",4463,4681.85714285714
"614","2020-04-25","United Kingdom","K02000001",4913,4880
"615","2020-04-24","United Kingdom","K02000001",5386,4967.57142857143
"616","2020-04-23","United Kingdom","K02000001",4583,4998
"617","2020-04-22","United Kingdom","K02000001",4451,5003
"618","2020-04-21","United Kingdom","K02000001",4301,5025
"619","2020-04-20","United Kingdom","K02000001",4676,5160.85714285714
"620","2020-04-19","United Kingdom","K02000001",5850,5113.14285714286
"621","2020-04-18","United Kingdom","K02000001",5526,5032.85714285714
"622","2020-04-17","United Kingdom","K02000001",5599,4991.14285714286
"623","2020-04-16","United Kingdom","K02000001",4618,5006.42857142857
"624","2020-04-15","United Kingdom","K02000001",4605,5014.57142857143
"625","2020-04-14","United Kingdom","K02000001",5252,5194.57142857143
"626","2020-04-13","United Kingdom","K02000001",4342,4999.71428571429
"627","2020-04-12","United Kingdom","K02000001",5288,4971.28571428571
"628","2020-04-11","United Kingdom","K02000001",5234,5101.42857142857
"629","2020-04-10","United Kingdom","K02000001",5706,4925.14285714286
"630","2020-04-09","United Kingdom","K02000001",4675,4777.42857142857
"631","2020-04-08","United Kingdom","K02000001",5865,4755.57142857143
"632","2020-04-07","United Kingdom","K02000001",3888,4570.14285714286
"633","2020-04-06","United Kingdom","K02000001",4143,4479
"634","2020-04-05","United Kingdom","K02000001",6199,4267.85714285714
"635","2020-04-04","United Kingdom","K02000001",4000,3739.71428571429
"636","2020-04-03","United Kingdom","K02000001",4672,3533.42857142857
"637","2020-04-02","United Kingdom","K02000001",4522,3278.85714285714
"638","2020-04-01","United Kingdom","K02000001",4567,2937
"639","2020-03-31","United Kingdom","K02000001",3250,2492
"640","2020-03-30","United Kingdom","K02000001",2665,2231.57142857143
"641","2020-03-29","United Kingdom","K02000001",2502,1989
"642","2020-03-28","United Kingdom","K02000001",2556,1726.57142857143
"643","2020-03-27","United Kingdom","K02000001",2890,1509.28571428571
"644","2020-03-26","United Kingdom","K02000001",2129,1198.42857142857
"645","2020-03-25","United Kingdom","K02000001",1452,986.142857142857
"646","2020-03-24","United Kingdom","K02000001",1427,875.285714285714
"647","2020-03-23","United Kingdom","K02000001",967,729.571428571429
"648","2020-03-22","United Kingdom","K02000001",665,613.142857142857
"649","2020-03-21","United Kingdom","K02000001",1035,565.285714285714
"650","2020-03-20","United Kingdom","K02000001",714,455.142857142857
"651","2020-03-19","United Kingdom","K02000001",643,382.714285714286
"652","2020-03-18","United Kingdom","K02000001",676,310
"653","2020-03-17","United Kingdom","K02000001",407,225.285714285714
"654","2020-03-16","United Kingdom","K02000001",152,174.571428571429
"655","2020-03-15","United Kingdom","K02000001",330,160
"656","2020-03-14","United Kingdom","K02000001",264,122.142857142857
"657","2020-03-13","United Kingdom","K02000001",207,91
"658","2020-03-12","United Kingdom","K02000001",134,68
"659","2020-03-11","United Kingdom","K02000001",83,53
"660","2020-03-10","United Kingdom","K02000001",52,46
"661","2020-03-09","United Kingdom","K02000001",50,40.1428571428571
"662","2020-03-08","United Kingdom","K02000001",65,33.7142857142857
"663","2020-03-07","United Kingdom","K02000001",46,26.1428571428571
"664","2020-03-06","United Kingdom","K02000001",46,20.1428571428571
"665","2020-03-05","United Kingdom","K02000001",29,14.4285714285714
"666","2020-03-04","United Kingdom","K02000001",34,10.2857142857143
"667","2020-03-03","United Kingdom","K02000001",11,5.42857142857143
"668","2020-03-02","United Kingdom","K02000001",5,3.85714285714286
"669","2020-03-01","United Kingdom","K02000001",12,3.71428571428571
"670","2020-02-29","United Kingdom","K02000001",4,2
"671","2020-02-28","United Kingdom","K02000001",6,1.42857142857143
"672","2020-02-27","United Kingdom","K02000001",0,0.571428571428571
"673","2020-02-26","United Kingdom","K02000001",0,0.571428571428571
"674","2020-02-25","United Kingdom","K02000001",0,0.571428571428571
"675","2020-02-24","United Kingdom","K02000001",4,0.571428571428571
"676","2020-02-23","United Kingdom","K02000001",0,0
"677","2020-02-22","United Kingdom","K02000001",0,0
"678","2020-02-21","United Kingdom","K02000001",0,0
"679","2020-02-20","United Kingdom","K02000001",0,0
"680","2020-02-19","United Kingdom","K02000001",0,0.142857142857143
"681","2020-02-18","United Kingdom","K02000001",0,0.142857142857143
"682","2020-02-17","United Kingdom","K02000001",0,0.142857142857143
"683","2020-02-16","United Kingdom","K02000001",0,0.714285714285714
"684","2020-02-15","United Kingdom","K02000001",0,0.857142857142857
"685","2020-02-14","United Kingdom","K02000001",0,0.857142857142857
"686","2020-02-13","United Kingdom","K02000001",1,0.857142857142857
"687","2020-02-12","United Kingdom","K02000001",0,0.857142857142857
"688","2020-02-11","United Kingdom","K02000001",0,0.857142857142857
"689","2020-02-10","United Kingdom","K02000001",4,0.857142857142857
"690","2020-02-09","United Kingdom","K02000001",1,0.285714285714286
"691","2020-02-08","United Kingdom","K02000001",0,0.142857142857143
"692","2020-02-07","United Kingdom","K02000001",0,0.142857142857143
"693","2020-02-06","United Kingdom","K02000001",1,0.428571428571429
"694","2020-02-05","United Kingdom","K02000001",0,NA
"695","2020-02-04","United Kingdom","K02000001",0,NA
"696","2020-02-03","United Kingdom","K02000001",0,NA
"697","2020-02-02","United Kingdom","K02000001",0,NA
"698","2020-02-01","United Kingdom","K02000001",0,NA
"699","2020-01-31","United Kingdom","K02000001",2,NA
