"","date","england_new_deaths","england_seven_day_average","wales_new_deaths","wales_seven_day_average","scotland_new_deaths","scotland_seven_day_average","northern_ireland_new_deaths","northern_ireland_seven_day_average"
"1","2020-03-18",67,34.2857142857143,0,NA,0,0.857142857142857,1,NA
"2","2020-03-19",66,42,3,NA,3,1.14285714285714,1,NA
"3","2020-03-20",102,54.2857142857143,2,NA,5,1.85714285714286,0,NA
"4","2020-03-21",116,68,7,NA,6,2.42857142857143,1,NA
"5","2020-03-22",153,85.2857142857143,5,2.85714285714286,5,3.14285714285714,1,NA
"6","2020-03-23",173,103.857142857143,4,3,4,3.57142857142857,5,NA
"7","2020-03-24",219,128,9,4.28571428571429,7,4.28571428571429,2,1.57142857142857
"8","2020-03-25",278,158.142857142857,10,5.71428571428571,11,5.85714285714286,4,2
"9","2020-03-26",337,196.857142857143,11,6.85714285714286,12,7.14285714285714,2,2.14285714285714
"10","2020-03-27",374,235.714285714286,10,8,11,8,3,2.57142857142857
"11","2020-03-28",384,274,15,9.14285714285714,29,11.2857142857143,8,3.57142857142857
"12","2020-03-29",464,318.428571428571,18,11,20,13.4285714285714,4,4
"13","2020-03-30",540,370.857142857143,16,12.7142857142857,30,17.1428571428571,4,3.85714285714286
"14","2020-03-31",603,425.714285714286,15,13.5714285714286,38,21.5714285714286,5,4.28571428571429
"15","2020-04-01",698,485.714285714286,21,15.1428571428571,46,26.5714285714286,4,4.28571428571429
"16","2020-04-02",732,542.142857142857,28,17.5714285714286,36,30,10,5.42857142857143
"17","2020-04-03",743,594.857142857143,29,20.2857142857143,58,36.7142857142857,10,6.42857142857143
"18","2020-04-04",838,659.714285714286,31,22.5714285714286,28,36.5714285714286,9,6.57142857142857
"19","2020-04-05",829,711.857142857143,30,24.2857142857143,47,40.4285714285714,11,7.57142857142857
"20","2020-04-06",806,749.857142857143,20,24.8571428571429,63,45.1428571428571,6,7.85714285714286
"21","2020-04-07",910,793.714285714286,32,27.2857142857143,49,46.7142857142857,8,8.28571428571429
"22","2020-04-08",976,833.428571428571,42,30.2857142857143,54,47.8571428571429,4,8.28571428571429
"23","2020-04-09",874,853.714285714286,43,32.4285714285714,66,52.1428571428571,18,9.42857142857143
"24","2020-04-10",850,869,25,31.8571428571429,58,52.1428571428571,11,9.57142857142857
"25","2020-04-11",864,872.714285714286,31,31.8571428571429,50,55.2857142857143,11,9.85714285714286
"26","2020-04-12",857,876.714285714286,37,32.8571428571429,48,55.4285714285714,16,10.5714285714286
"27","2020-04-13",805,876.571428571429,43,36.1428571428571,41,52.2857142857143,7,10.7142857142857
"28","2020-04-14",768,856.285714285714,26,35.2857142857143,51,52.5714285714286,12,11.2857142857143
"29","2020-04-15",782,828.571428571429,38,34.7142857142857,42,50.8571428571429,16,13
"30","2020-04-16",754,811.428571428571,35,33.5714285714286,43,47.5714285714286,11,12
"31","2020-04-17",742,796,30,34.2857142857143,38,44.7142857142857,9,11.7142857142857
"32","2020-04-18",706,773.428571428571,32,34.4285714285714,52,45,10,11.5714285714286
"33","2020-04-19",686,749,26,32.8571428571429,46,44.7142857142857,10,10.7142857142857
"34","2020-04-20",685,731.857142857143,25,30.2857142857143,61,47.5714285714286,12,11.4285714285714
"35","2020-04-21",651,715.142857142857,30,30.8571428571429,51,47.5714285714286,13,11.5714285714286
"36","2020-04-22",643,695.285714285714,23,28.7142857142857,46,48.1428571428571,19,12
"37","2020-04-23",595,672.571428571429,18,26.2857142857143,49,49,16,12.7142857142857
"38","2020-04-24",603,652.714285714286,31,26.4285714285714,38,49,11,13
"39","2020-04-25",555,631.142857142857,29,26,48,48.4285714285714,15,13.7142857142857
"40","2020-04-26",560,613.142857142857,16,24.5714285714286,43,48,14,14.2857142857143
"41","2020-04-27",506,587.571428571429,16,23.2857142857143,60,47.8571428571429,13,14.4285714285714
"42","2020-04-28",498,565.714285714286,15,21.1428571428571,40,46.2857142857143,6,13.4285714285714
"43","2020-04-29",494,544.428571428571,26,21.5714285714286,38,45.1428571428571,14,12.7142857142857
"44","2020-04-30",484,528.571428571429,16,21.2857142857143,43,44.2857142857143,8,11.5714285714286
"45","2020-05-01",479,510.857142857143,29,21,48,45.7142857142857,12,11.7142857142857
"46","2020-05-02",424,492.142857142857,14,18.8571428571429,44,45.1428571428571,12,11.2857142857143
"47","2020-05-03",388,467.571428571429,14,18.5714285714286,37,44.2857142857143,11,10.8571428571429
"48","2020-05-04",412,454.142857142857,23,19.5714285714286,40,41.4285714285714,9,10.2857142857143
"49","2020-05-05",392,439,17,19.8571428571429,50,42.8571428571429,6,10.2857142857143
"50","2020-05-06",391,424.285714285714,23,19.4285714285714,43,43.5714285714286,3,8.71428571428571
"51","2020-05-07",399,412.142857142857,19,19.8571428571429,40,43.1428571428571,3,8
"52","2020-05-08",330,390.857142857143,13,17.5714285714286,34,41.1428571428571,6,7.14285714285714
"53","2020-05-09",330,377.428571428571,7,16.5714285714286,34,39.7142857142857,7,6.42857142857143
"54","2020-05-10",300,364.857142857143,10,16,28,38.4285714285714,10,6.28571428571429
"55","2020-05-11",260,343.142857142857,15,14.8571428571429,32,37.2857142857143,2,5.28571428571429
"56","2020-05-12",275,326.428571428571,11,14,31,34.5714285714286,4,5
"57","2020-05-13",256,307.142857142857,16,13,42,34.4285714285714,3,5
"58","2020-05-14",277,289.714285714286,12,12,35,33.7142857142857,10,6
"59","2020-05-15",269,281,16,12.4285714285714,26,32.5714285714286,3,5.57142857142857
"60","2020-05-16",268,272.142857142857,13,13.2857142857143,29,31.8571428571429,4,5.14285714285714
"61","2020-05-17",223,261.142857142857,11,13.4285714285714,26,31.5714285714286,7,4.71428571428571
"62","2020-05-18",253,260.142857142857,10,12.7142857142857,23,30.2857142857143,7,5.42857142857143
"63","2020-05-19",231,253.857142857143,11,12.7142857142857,28,29.8571428571429,5,5.57142857142857
"64","2020-05-20",234,250.714285714286,7,11.4285714285714,22,27,5,5.85714285714286
"65","2020-05-21",201,239.857142857143,9,11,24,25.4285714285714,4,5
"66","2020-05-22",195,229.285714285714,10,10.1428571428571,17,24.1428571428571,1,4.71428571428571
"67","2020-05-23",200,219.571428571429,7,9.28571428571429,11,21.5714285714286,2,4.42857142857143
"68","2020-05-24",169,211.857142857143,12,9.42857142857143,8,19,7,4.42857142857143
"69","2020-05-25",175,200.714285714286,10,9.42857142857143,14,17.7142857142857,1,3.57142857142857
"70","2020-05-26",189,194.714285714286,10,9.28571428571429,14,15.7142857142857,1,3
"71","2020-05-27",171,185.714285714286,6,9.14285714285714,16,14.8571428571429,4,2.85714285714286
"72","2020-05-28",182,183,16,10.1428571428571,16,13.7142857142857,3,2.71428571428571
"73","2020-05-29",163,178.428571428571,11,10.2857142857143,11,12.8571428571429,1,2.71428571428571
"74","2020-05-30",145,170.571428571429,10,10.7142857142857,6,12.1428571428571,2,2.71428571428571
"75","2020-05-31",113,162.571428571429,7,10,6,11.8571428571429,1,1.85714285714286
"76","2020-06-01",122,155,9,9.85714285714286,3,10.2857142857143,1,1.85714285714286
"77","2020-06-02",155,150.142857142857,5,9.14285714285714,6,9.14285714285714,2,2
"78","2020-06-03",138,145.428571428571,7,9.28571428571429,8,8,2,1.71428571428571
"79","2020-06-04",121,136.714285714286,12,8.71428571428571,1,5.85714285714286,0,1.28571428571429
"80","2020-06-05",109,129,4,7.71428571428571,9,5.57142857142857,1,1.28571428571429
"81","2020-06-06",98,122.285714285714,9,7.57142857142857,3,5.14285714285714,0,1
"82","2020-06-07",113,122.285714285714,8,7.71428571428571,7,5.28571428571429,0,0.857142857142857
"83","2020-06-08",112,120.857142857143,7,7.42857142857143,6,5.71428571428571,0,0.714285714285714
"84","2020-06-09",85,110.857142857143,4,7.28571428571429,1,5,0,0.428571428571429
"85","2020-06-10",97,105,7,7.28571428571429,5,4.57142857142857,0,0.142857142857143
"86","2020-06-11",71,97.8571428571429,5,6.28571428571429,2,4.71428571428571,2,0.428571428571429
"87","2020-06-12",73,92.7142857142857,4,6.28571428571429,2,3.71428571428571,1,0.428571428571429
"88","2020-06-13",53,86.2857142857143,6,5.85714285714286,3,3.71428571428571,1,0.571428571428571
"89","2020-06-14",76,81,6,5.57142857142857,4,3.28571428571429,0,0.571428571428571
"90","2020-06-15",63,74,6,5.42857142857143,3,2.85714285714286,0,0.571428571428571
"91","2020-06-16",69,71.7142857142857,8,6,6,3.57142857142857,1,0.714285714285714
"92","2020-06-17",54,65.5714285714286,1,5.14285714285714,3,3.28571428571429,1,0.857142857142857
"93","2020-06-18",57,63.5714285714286,0,4.42857142857143,3,3.42857142857143,1,0.714285714285714
"94","2020-06-19",47,59.8571428571429,4,4.42857142857143,0,3.14285714285714,1,0.714285714285714
"95","2020-06-20",54,60,3,4,3,3.14285714285714,0,0.571428571428571
"96","2020-06-21",47,55.8571428571429,5,3.85714285714286,2,2.85714285714286,0,0.571428571428571
"97","2020-06-22",58,55.1428571428571,2,3.28571428571429,3,2.85714285714286,1,0.714285714285714
"98","2020-06-23",62,54.1428571428571,1,2.28571428571429,1,2.14285714285714,1,0.714285714285714
"99","2020-06-24",67,56,6,3,1,1.85714285714286,0,0.571428571428571
"100","2020-06-25",58,56.1428571428571,9,4.28571428571429,0,1.42857142857143,1,0.571428571428571
"101","2020-06-26",37,54.7142857142857,2,4,0,1.42857142857143,2,0.714285714285714
"102","2020-06-27",39,52.5714285714286,6,4.42857142857143,4,1.57142857142857,0,0.714285714285714
"103","2020-06-28",42,51.8571428571429,2,4,1,1.42857142857143,0,0.714285714285714
"104","2020-06-29",34,48.4285714285714,3,4.14285714285714,1,1.14285714285714,1,0.714285714285714
"105","2020-06-30",43,45.7142857142857,4,4.57142857142857,0,1,0,0.571428571428571
"106","2020-07-01",22,39.2857142857143,4,4.28571428571429,0,0.857142857142857,1,0.714285714285714
"107","2020-07-02",40,36.7142857142857,3,3.42857142857143,0,0.857142857142857,0,0.571428571428571
"108","2020-07-03",26,35.1428571428571,0,3.14285714285714,1,1,2,0.571428571428571
"109","2020-07-04",31,34,2,2.57142857142857,0,0.428571428571429,0,0.571428571428571
"110","2020-07-05",24,31.4285714285714,2,2.57142857142857,1,0.428571428571429,0,0.571428571428571
"111","2020-07-06",34,31.4285714285714,2,2.42857142857143,0,0.285714285714286,0,0.428571428571429
"112","2020-07-07",26,29,1,2,0,0.285714285714286,0,0.428571428571429
"113","2020-07-08",23,29.1428571428571,1,1.57142857142857,0,0.285714285714286,0,0.285714285714286
"114","2020-07-09",35,28.4285714285714,1,1.28571428571429,0,0.285714285714286,1,0.428571428571429
"115","2020-07-10",22,27.8571428571429,0,1.28571428571429,0,0.142857142857143,0,0.142857142857143
"116","2020-07-11",20,26.2857142857143,1,1.14285714285714,0,0.142857142857143,0,0.142857142857143
"117","2020-07-12",13,24.7142857142857,0,0.857142857142857,0,0,1,0.285714285714286
"118","2020-07-13",23,23.1428571428571,2,0.857142857142857,0,0,0,0.285714285714286
"119","2020-07-14",20,22.2857142857143,1,0.857142857142857,0,0,0,0.285714285714286
"120","2020-07-15",20,21.8571428571429,0,0.714285714285714,0,0,0,0.285714285714286
"121","2020-07-16",12,18.5714285714286,1,0.714285714285714,0,0,0,0.142857142857143
"122","2020-07-17",18,18,0,0.714285714285714,0,0,0,0.142857142857143
"123","2020-07-18",14,17.1428571428571,0,0.571428571428571,0,0,0,0.142857142857143
"124","2020-07-19",14,17.2857142857143,0,0.571428571428571,0,0,0,0
"125","2020-07-20",12,15.7142857142857,0,0.285714285714286,0,0,0,0
"126","2020-07-21",19,15.5714285714286,1,0.285714285714286,0,0,0,0
"127","2020-07-22",17,15.1428571428571,1,0.428571428571429,0,0,0,0
"128","2020-07-23",16,15.7142857142857,0,0.285714285714286,0,0,0,0
"129","2020-07-24",6,14,1,0.428571428571429,0,0,0,0
"130","2020-07-25",14,14,2,0.714285714285714,1,0.142857142857143,0,0
"131","2020-07-26",15,14.1428571428571,2,1,0,0.142857142857143,0,0
"132","2020-07-27",11,14,1,1.14285714285714,0,0.142857142857143,0,0
"133","2020-07-28",10,12.7142857142857,2,1.28571428571429,0,0.142857142857143,0,0
"134","2020-07-29",8,11.4285714285714,4,1.71428571428571,0,0.142857142857143,0,0
"135","2020-07-30",8,10.2857142857143,2,2,0,0.142857142857143,0,0
"136","2020-07-31",10,10.8571428571429,4,2.42857142857143,0,0.142857142857143,0,0
"137","2020-08-01",9,10.1428571428571,2,2.42857142857143,0,0,0,0
"138","2020-08-02",8,9.14285714285714,2,2.42857142857143,0,0,0,0
"139","2020-08-03",15,9.71428571428571,1,2.42857142857143,0,0,0,0
"140","2020-08-04",10,9.71428571428571,4,2.71428571428571,0,0,0,0
"141","2020-08-05",3,9,3,2.57142857142857,0,0,0,0
"142","2020-08-06",9,9.14285714285714,0,2.28571428571429,0,0,0,0
"143","2020-08-07",8,8.85714285714286,5,2.42857142857143,0,0,0,0
"144","2020-08-08",11,9.14285714285714,2,2.42857142857143,0,0,1,0.142857142857143
"145","2020-08-09",9,9.28571428571429,0,2.14285714285714,0,0,0,0.142857142857143
"146","2020-08-10",11,8.71428571428571,2,2.28571428571429,0,0,0,0.142857142857143
"147","2020-08-11",10,8.71428571428571,0,1.71428571428571,0,0,0,0.142857142857143
"148","2020-08-12",6,9.14285714285714,1,1.42857142857143,0,0,0,0.142857142857143
"149","2020-08-13",7,8.85714285714286,1,1.57142857142857,0,0,1,0.285714285714286
"150","2020-08-14",6,8.57142857142857,1,1,0,0,0,0.285714285714286
"151","2020-08-15",11,8.57142857142857,0,0.714285714285714,0,0,1,0.285714285714286
"152","2020-08-16",4,7.85714285714286,0,0.714285714285714,0,0,0,0.285714285714286
"153","2020-08-17",12,8,0,0.428571428571429,0,0,0,0.285714285714286
"154","2020-08-18",7,7.57142857142857,2,0.714285714285714,0,0,0,0.285714285714286
"155","2020-08-19",3,7.14285714285714,0,0.571428571428571,1,0.142857142857143,0,0.285714285714286
"156","2020-08-20",8,7.28571428571429,0,0.428571428571429,0,0.142857142857143,0,0.142857142857143
"157","2020-08-21",7,7.42857142857143,0,0.285714285714286,0,0.142857142857143,0,0.142857142857143
"158","2020-08-22",7,6.85714285714286,1,0.428571428571429,1,0.285714285714286,0,0
"159","2020-08-23",15,8.42857142857143,0,0.428571428571429,1,0.428571428571429,0,0
"160","2020-08-24",5,7.42857142857143,1,0.571428571428571,0,0.428571428571429,0,0
"161","2020-08-25",11,8,0,0.285714285714286,0,0.428571428571429,1,0.142857142857143
"162","2020-08-26",11,9.14285714285714,0,0.285714285714286,0,0.285714285714286,0,0.142857142857143
"163","2020-08-27",9,9.28571428571429,0,0.285714285714286,0,0.285714285714286,0,0.142857142857143
"164","2020-08-28",9,9.57142857142857,0,0.285714285714286,1,0.428571428571429,1,0.285714285714286
"165","2020-08-29",5,9.28571428571429,0,0.142857142857143,0,0.285714285714286,0,0.285714285714286
"166","2020-08-30",6,8,0,0.142857142857143,0,0.142857142857143,0,0.285714285714286
"167","2020-08-31",8,8.42857142857143,2,0.285714285714286,0,0.142857142857143,0,0.285714285714286
"168","2020-09-01",4,7.42857142857143,0,0.285714285714286,0,0.142857142857143,1,0.285714285714286
"169","2020-09-02",9,7.14285714285714,0,0.285714285714286,1,0.285714285714286,0,0.285714285714286
"170","2020-09-03",6,6.71428571428571,1,0.428571428571429,1,0.428571428571429,2,0.571428571428571
"171","2020-09-04",8,6.57142857142857,0,0.428571428571429,1,0.428571428571429,0,0.428571428571429
"172","2020-09-05",12,7.57142857142857,0,0.428571428571429,0,0.428571428571429,1,0.571428571428571
"173","2020-09-06",9,8,0,0.428571428571429,0,0.428571428571429,0,0.571428571428571
"174","2020-09-07",13,8.71428571428571,0,0.142857142857143,0,0.428571428571429,2,0.857142857142857
"175","2020-09-08",10,9.57142857142857,0,0.142857142857143,0,0.428571428571429,0,0.714285714285714
"176","2020-09-09",10,9.71428571428571,0,0.142857142857143,0,0.285714285714286,0,0.714285714285714
"177","2020-09-10",12,10.5714285714286,0,0,0,0.142857142857143,1,0.571428571428571
"178","2020-09-11",10,10.8571428571429,1,0.142857142857143,0,0,2,0.857142857142857
"179","2020-09-12",18,11.7142857142857,0,0.142857142857143,0,0,0,0.714285714285714
"180","2020-09-13",15,12.5714285714286,1,0.285714285714286,1,0.142857142857143,0,0.714285714285714
"181","2020-09-14",17,13.1428571428571,0,0.285714285714286,3,0.571428571428571,1,0.571428571428571
"182","2020-09-15",15,13.8571428571429,2,0.571428571428571,0,0.571428571428571,1,0.714285714285714
"183","2020-09-16",23,15.7142857142857,2,0.857142857142857,0,0.571428571428571,2,1
"184","2020-09-17",25,17.5714285714286,2,1.14285714285714,1,0.714285714285714,0,0.857142857142857
"185","2020-09-18",21,19.1428571428571,0,1,2,1,1,0.714285714285714
"186","2020-09-19",18,19.1428571428571,0,1,0,1,2,1
"187","2020-09-20",28,21,1,1,3,1.28571428571429,0,1
"188","2020-09-21",24,22,1,1.14285714285714,2,1.14285714285714,0,0.857142857142857
"189","2020-09-22",35,24.8571428571429,3,1.28571428571429,2,1.42857142857143,0,0.714285714285714
"190","2020-09-23",52,29,3,1.42857142857143,2,1.71428571428571,0,0.428571428571429
"191","2020-09-24",33,30.1428571428571,0,1.14285714285714,2,1.85714285714286,0,0.428571428571429
"192","2020-09-25",30,31.4285714285714,1,1.28571428571429,1,1.71428571428571,1,0.428571428571429
"193","2020-09-26",35,33.8571428571429,2,1.57142857142857,2,2,0,0.142857142857143
"194","2020-09-27",44,36.1428571428571,3,1.85714285714286,2,1.85714285714286,0,0.142857142857143
"195","2020-09-28",47,39.4285714285714,3,2.14285714285714,3,2,1,0.285714285714286
"196","2020-09-29",43,40.5714285714286,4,2.28571428571429,1,1.85714285714286,0,0.285714285714286
"197","2020-09-30",48,40,4,2.42857142857143,4,2.14285714285714,1,0.428571428571429
"198","2020-10-01",56,43.2857142857143,5,3.14285714285714,5,2.57142857142857,1,0.571428571428571
"199","2020-10-02",64,48.1428571428571,2,3.28571428571429,1,2.57142857142857,2,0.714285714285714
"200","2020-10-03",55,51,8,4.14285714285714,3,2.71428571428571,1,0.857142857142857
"201","2020-10-04",54,52.4285714285714,3,4.14285714285714,3,2.85714285714286,0,0.857142857142857
"202","2020-10-05",59,54.1428571428571,10,5.14285714285714,2,2.71428571428571,1,0.857142857142857
"203","2020-10-06",62,56.8571428571429,4,5.14285714285714,4,3.14285714285714,1,1
"204","2020-10-07",81,61.5714285714286,11,6.14285714285714,9,3.85714285714286,1,1
"205","2020-10-08",78,64.7142857142857,6,6.28571428571429,11,4.71428571428571,0,0.857142857142857
"206","2020-10-09",68,65.2857142857143,6,6.85714285714286,6,5.42857142857143,0,0.571428571428571
"207","2020-10-10",90,70.2857142857143,3,6.14285714285714,11,6.57142857142857,0,0.428571428571429
"208","2020-10-11",104,77.4285714285714,4,6.28571428571429,11,7.71428571428571,6,1.28571428571429
"209","2020-10-12",96,82.7142857142857,4,5.42857142857143,8,8.57142857142857,5,1.85714285714286
"210","2020-10-13",87,86.2857142857143,8,6,12,9.71428571428571,4,2.28571428571429
"211","2020-10-14",102,89.2857142857143,7,5.42857142857143,6,9.28571428571429,2,2.42857142857143
"212","2020-10-15",124,95.8571428571429,7,5.57142857142857,16,10,4,3
"213","2020-10-16",122,103.571428571429,6,5.57142857142857,20,12,2,3.28571428571429
"214","2020-10-17",162,113.857142857143,4,5.71428571428571,10,11.8571428571429,3,3.71428571428571
"215","2020-10-18",121,116.285714285714,11,6.71428571428571,22,13.4285714285714,7,3.85714285714286
"216","2020-10-19",159,125.285714285714,13,8,16,14.5714285714286,4,3.71428571428571
"217","2020-10-20",174,137.714285714286,4,7.42857142857143,19,15.5714285714286,3,3.57142857142857
"218","2020-10-21",191,150.428571428571,13,8.28571428571429,11,16.2857142857143,6,4.14285714285714
"219","2020-10-22",187,159.428571428571,28,11.2857142857143,17,16.4285714285714,4,4.14285714285714
"220","2020-10-23",189,169,11,12,18,16.1428571428571,6,4.71428571428571
"221","2020-10-24",170,170.142857142857,15,13.5714285714286,20,17.5714285714286,8,5.42857142857143
"222","2020-10-25",207,182.428571428571,16,14.2857142857143,23,17.7142857142857,6,5.28571428571429
"223","2020-10-26",224,191.714285714286,15,14.5714285714286,31,19.8571428571429,11,6.28571428571429
"224","2020-10-27",219,198.142857142857,23,17.2857142857143,16,19.4285714285714,10,7.28571428571429
"225","2020-10-28",238,204.857142857143,11,17,29,22,9,7.71428571428571
"226","2020-10-29",250,213.857142857143,21,16,29,23.7142857142857,14,9.14285714285714
"227","2020-10-30",282,227.142857142857,14,16.4285714285714,35,26.1428571428571,9,9.57142857142857
"228","2020-10-31",282,243.142857142857,12,16,24,26.7142857142857,7,9.42857142857143
"229","2020-11-01",287,254.571428571429,28,17.7142857142857,35,28.4285714285714,10,10
"230","2020-11-02",287,263.571428571429,17,18,30,28.2857142857143,5,9.14285714285714
"231","2020-11-03",292,274,23,18,35,31,12,9.42857142857143
"232","2020-11-04",278,279.714285714286,22,19.5714285714286,19,29.5714285714286,10,9.57142857142857
"233","2020-11-05",301,287,31,21,41,31.2857142857143,7,8.57142857142857
"234","2020-11-06",334,294.428571428571,26,22.7142857142857,27,30.1428571428571,15,9.42857142857143
"235","2020-11-07",335,302,15,23.1428571428571,37,32,7,9.42857142857143
"236","2020-11-08",341,309.714285714286,28,23.1428571428571,36,32.1428571428571,10,9.42857142857143
"237","2020-11-09",403,326.285714285714,29,24.8571428571429,42,33.8571428571429,10,10.1428571428571
"238","2020-11-10",319,330.142857142857,28,25.5714285714286,36,34,8,9.57142857142857
"239","2020-11-11",312,335,29,26.5714285714286,37,36.5714285714286,13,10
"240","2020-11-12",351,342.142857142857,28,26.1428571428571,32,35.2857142857143,10,10.4285714285714
"241","2020-11-13",358,345.571428571429,30,26.7142857142857,38,36.8571428571429,11,9.85714285714286
"242","2020-11-14",361,349.285714285714,19,27.2857142857143,41,37.4285714285714,13,10.7142857142857
"243","2020-11-15",382,355.142857142857,25,26.8571428571429,34,37.1428571428571,13,11.1428571428571
"244","2020-11-16",359,348.857142857143,23,26,33,35.8571428571429,9,11
"245","2020-11-17",368,355.857142857143,29,26.1428571428571,36,35.8571428571429,11,11.4285714285714
"246","2020-11-18",437,373.714285714286,18,24.5714285714286,24,34,10,11
"247","2020-11-19",398,380.428571428571,26,24.2857142857143,25,33,13,11.4285714285714
"248","2020-11-20",391,385.142857142857,21,23,29,31.7142857142857,13,11.7142857142857
"249","2020-11-21",398,390.428571428571,28,24.2857142857143,33,30.5714285714286,8,11
"250","2020-11-22",408,394.142857142857,27,24.5714285714286,36,30.8571428571429,6,10
"251","2020-11-23",400,400,25,24.8571428571429,31,30.5714285714286,8,9.85714285714286
"252","2020-11-24",409,405.857142857143,18,23.2857142857143,30,29.7142857142857,7,9.28571428571429
"253","2020-11-25",429,404.714285714286,17,23.1428571428571,32,30.8571428571429,10,9.28571428571429
"254","2020-11-26",373,401.142857142857,30,23.7142857142857,23,30.5714285714286,8,8.57142857142857
"255","2020-11-27",365,397.428571428571,26,24.4285714285714,24,29.8571428571429,11,8.28571428571429
"256","2020-11-28",387,395.857142857143,32,25,41,31,11,8.71428571428571
"257","2020-11-29",404,395.285714285714,26,24.8571428571429,28,29.8571428571429,8,9
"258","2020-11-30",363,390,17,23.7142857142857,32,30,12,9.57142857142857
"259","2020-12-01",346,381,19,23.8571428571429,27,29.5714285714286,7,9.57142857142857
"260","2020-12-02",337,367.857142857143,22,24.5714285714286,20,27.8571428571429,8,9.28571428571429
"261","2020-12-03",406,372.571428571429,27,24.1428571428571,36,29.7142857142857,6,9
"262","2020-12-04",413,379.428571428571,27,24.2857142857143,29,30.4285714285714,7,8.42857142857143
"263","2020-12-05",344,373.285714285714,20,22.5714285714286,19,27.2857142857143,12,8.57142857142857
"264","2020-12-06",356,366.428571428571,25,22.4285714285714,29,27.4285714285714,11,9
"265","2020-12-07",359,365.857142857143,20,22.8571428571429,29,27,17,9.71428571428571
"266","2020-12-08",376,370.142857142857,25,23.7142857142857,28,27.1428571428571,7,9.71428571428571
"267","2020-12-09",375,375.571428571429,25,24.1428571428571,23,27.5714285714286,9,9.85714285714286
"268","2020-12-10",379,371.714285714286,33,25,23,25.7142857142857,13,10.8571428571429
"269","2020-12-11",398,369.571428571429,26,24.8571428571429,20,24.4285714285714,9,11.1428571428571
"270","2020-12-12",375,374,33,26.7142857142857,23,25,7,10.4285714285714
"271","2020-12-13",366,375.428571428571,22,26.2857142857143,26,24.5714285714286,5,9.57142857142857
"272","2020-12-14",412,383,30,27.7142857142857,31,24.8571428571429,6,8
"273","2020-12-15",390,385,33,28.8571428571429,32,25.4285714285714,6,7.85714285714286
"274","2020-12-16",354,382,34,30.1428571428571,31,26.5714285714286,13,8.42857142857143
"275","2020-12-17",440,390.714285714286,48,32.2857142857143,36,28.4285714285714,14,8.57142857142857
"276","2020-12-18",434,395.857142857143,48,35.4285714285714,23,28.8571428571429,10,8.71428571428571
"277","2020-12-19",413,401.285714285714,34,35.5714285714286,27,29.4285714285714,15,9.85714285714286
"278","2020-12-20",430,410.428571428571,35,37.4285714285714,29,29.8571428571429,12,10.8571428571429
"279","2020-12-21",496,422.428571428571,37,38.4285714285714,25,29,17,12.4285714285714
"280","2020-12-22",491,436.857142857143,35,38.7142857142857,28,28.4285714285714,10,13
"281","2020-12-23",482,455.142857142857,34,38.7142857142857,35,29,15,13.2857142857143
"282","2020-12-24",488,462,45,38.2857142857143,36,29,15,13.4285714285714
"283","2020-12-25",540,477.142857142857,33,36.1428571428571,35,30.7142857142857,7,13
"284","2020-12-26",570,499.571428571429,43,37.4285714285714,34,31.7142857142857,10,12.2857142857143
"285","2020-12-27",581,521.142857142857,29,36.5714285714286,34,32.4285714285714,14,12.5714285714286
"286","2020-12-28",591,534.714285714286,49,38.2857142857143,31,33.2857142857143,8,11.2857142857143
"287","2020-12-29",581,547.571428571429,41,39.1428571428571,27,33.1428571428571,11,11.4285714285714
"288","2020-12-30",627,568.285714285714,50,41.4285714285714,32,32.7142857142857,13,11.1428571428571
"289","2020-12-31",653,591.857142857143,51,42.2857142857143,44,33.8571428571429,10,10.4285714285714
"290","2021-01-01",644,606.714285714286,58,45.8571428571429,35,33.8571428571429,13,11.2857142857143
"291","2021-01-02",672,621.285714285714,34,44.5714285714286,42,35,14,11.8571428571429
"292","2021-01-03",653,631.571428571429,53,48,42,36.1428571428571,12,11.5714285714286
"293","2021-01-04",758,655.428571428571,37,46.2857142857143,37,37,13,12.2857142857143
"294","2021-01-05",823,690,39,46,40,38.8571428571429,7,11.7142857142857
"295","2021-01-06",827,718.571428571429,48,45.7142857142857,48,41.1428571428571,11,11.4285714285714
"296","2021-01-07",890,752.428571428571,41,44.2857142857143,44,41.1428571428571,21,13
"297","2021-01-08",890,787.571428571429,45,42.4285714285714,42,42.1428571428571,10,12.5714285714286
"298","2021-01-09",931,824.571428571429,34,42.4285714285714,38,41.5714285714286,20,13.4285714285714
"299","2021-01-10",983,871.714285714286,40,40.5714285714286,59,44,16,14
"300","2021-01-11",1006,907.142857142857,54,43,48,45.5714285714286,23,15.4285714285714
"301","2021-01-12",1095,946,48,44.2857142857143,51,47.1428571428571,19,17.1428571428571
"302","2021-01-13",1106,985.857142857143,43,43.5714285714286,51,47.5714285714286,19,18.2857142857143
"303","2021-01-14",1092,1014.71428571429,54,45.4285714285714,58,49.5714285714286,26,19
"304","2021-01-15",1104,1045.28571428571,42,45,58,51.8571428571429,24,21
"305","2021-01-16",1175,1080.14285714286,40,45.8571428571429,76,57.2857142857143,20,21
"306","2021-01-17",1172,1107.14285714286,26,43.8571428571429,43,55,29,22.8571428571429
"307","2021-01-18",1170,1130.57142857143,43,42.2857142857143,63,57.1428571428571,21,22.5714285714286
"308","2021-01-19",1249,1152.57142857143,26,39.1428571428571,70,59.8571428571429,19,22.5714285714286
"309","2021-01-20",1176,1162.57142857143,38,38.4285714285714,66,62,19,22.5714285714286
"310","2021-01-21",1137,1169,34,35.5714285714286,56,61.7142857142857,11,20.4285714285714
"311","2021-01-22",1125,1172,39,35.1428571428571,68,63.1428571428571,13,18.8571428571429
"312","2021-01-23",1065,1156.28571428571,33,34.1428571428571,53,59.8571428571429,20,18.8571428571429
"313","2021-01-24",1042,1137.71428571429,34,35.2857142857143,70,63.7142857142857,13,16.5714285714286
"314","2021-01-25",1075,1124.14285714286,27,33,52,62.1428571428571,15,15.7142857142857
"315","2021-01-26",966,1083.71428571429,37,34.5714285714286,50,59.2857142857143,12,14.7142857142857
"316","2021-01-27",1011,1060.14285714286,22,32.2857142857143,61,58.5714285714286,20,14.8571428571429
"317","2021-01-28",1019,1043.28571428571,29,31.5714285714286,46,57.1428571428571,16,15.5714285714286
"318","2021-01-29",945,1017.57142857143,42,32,59,55.8571428571429,23,17
"319","2021-01-30",833,984.428571428571,22,30.4285714285714,44,54.5714285714286,14,16.1428571428571
"320","2021-01-31",813,951.714285714286,22,28.7142857142857,48,51.4285714285714,12,16
"321","2021-02-01",809,913.714285714286,29,29,43,50.1428571428571,15,16
"322","2021-02-02",763,884.714285714286,33,28.4285714285714,44,49.2857142857143,13,16.1428571428571
"323","2021-02-03",778,851.428571428571,27,29.1428571428571,48,47.4285714285714,5,14
"324","2021-02-04",651,798.857142857143,22,28.1428571428571,32,45.4285714285714,14,13.7142857142857
"325","2021-02-05",677,760.571428571429,23,25.4285714285714,44,43.2857142857143,9,11.7142857142857
"326","2021-02-06",612,729,27,26.1428571428571,50,44.1428571428571,13,11.5714285714286
"327","2021-02-07",569,694.142857142857,18,25.5714285714286,42,43.2857142857143,8,11
"328","2021-02-08",613,666.142857142857,17,23.8571428571429,40,42.8571428571429,9,10.1428571428571
"329","2021-02-09",541,634.428571428571,18,21.7142857142857,49,43.5714285714286,3,8.71428571428571
"330","2021-02-10",544,601,20,20.7142857142857,37,42,8,9.14285714285714
"331","2021-02-11",513,581.285714285714,16,19.8571428571429,35,42.4285714285714,12,8.85714285714286
"332","2021-02-12",459,550.142857142857,25,20.1428571428571,41,42,9,8.85714285714286
"333","2021-02-13",432,524.428571428571,19,19,32,39.4285714285714,8,8.14285714285714
"334","2021-02-14",438,505.714285714286,21,19.4285714285714,32,38,5,7.71428571428571
"335","2021-02-15",461,484,18,19.5714285714286,34,37.1428571428571,5,7.14285714285714
"336","2021-02-16",397,463.428571428571,12,18.7142857142857,26,33.8571428571429,12,8.42857142857143
"337","2021-02-17",385,440.714285714286,13,17.7142857142857,28,32.5714285714286,5,8
"338","2021-02-18",366,419.714285714286,11,17,35,32.5714285714286,6,7.14285714285714
"339","2021-02-19",316,399.285714285714,18,16,44,33,2,6.14285714285714
"340","2021-02-20",305,381.142857142857,15,15.4285714285714,27,32.2857142857143,5,5.71428571428571
"341","2021-02-21",286,359.428571428571,15,14.5714285714286,20,30.5714285714286,5,5.71428571428571
"342","2021-02-22",242,328.142857142857,13,13.8571428571429,22,28.8571428571429,5,5.71428571428571
"343","2021-02-23",257,308.142857142857,14,14.1428571428571,16,27.4285714285714,2,4.28571428571429
"344","2021-02-24",241,287.571428571429,12,14,18,26,4,4.14285714285714
"345","2021-02-25",222,267,14,14.4285714285714,20,23.8571428571429,4,3.85714285714286
"346","2021-02-26",196,249.857142857143,13,13.7142857142857,16,19.8571428571429,3,4
"347","2021-02-27",197,234.428571428571,12,13.2857142857143,19,18.7142857142857,2,3.57142857142857
"348","2021-02-28",198,221.857142857143,3,11.5714285714286,9,17.1428571428571,2,3.14285714285714
"349","2021-03-01",192,214.714285714286,10,11.1428571428571,20,16.8571428571429,2,2.71428571428571
"350","2021-03-02",157,200.428571428571,13,11,12,16.2857142857143,2,2.71428571428571
"351","2021-03-03",126,184,6,10.1428571428571,11,15.2857142857143,4,2.71428571428571
"352","2021-03-04",130,170.857142857143,8,9.28571428571429,14,14.4285714285714,2,2.42857142857143
"353","2021-03-05",156,165.142857142857,4,8,8,13.2857142857143,1,2.14285714285714
"354","2021-03-06",128,155.285714285714,8,7.42857142857143,10,12,6,2.71428571428571
"355","2021-03-07",115,143.428571428571,6,7.85714285714286,10,12.1428571428571,2,2.71428571428571
"356","2021-03-08",122,133.428571428571,6,7.28571428571429,15,11.4285714285714,1,2.57142857142857
"357","2021-03-09",117,127.714285714286,4,6,10,11.1428571428571,6,3.14285714285714
"358","2021-03-10",99,123.857142857143,7,6.14285714285714,5,10.2857142857143,7,3.57142857142857
"359","2021-03-11",109,120.857142857143,3,5.42857142857143,8,9.42857142857143,4,3.85714285714286
"360","2021-03-12",81,110.142857142857,4,5.42857142857143,6,9.14285714285714,1,3.85714285714286
"361","2021-03-13",100,106.142857142857,4,4.85714285714286,4,8.28571428571429,0,3
"362","2021-03-14",82,101.428571428571,8,5.14285714285714,7,7.85714285714286,0,2.71428571428571
"363","2021-03-15",88,96.5714285714286,4,4.85714285714286,1,5.85714285714286,2,2.85714285714286
"364","2021-03-16",69,89.7142857142857,3,4.71428571428571,11,6,0,2
"365","2021-03-17",66,85,5,4.42857142857143,8,6.42857142857143,1,1.14285714285714
"366","2021-03-18",51,76.7142857142857,2,4.28571428571429,3,5.71428571428571,2,0.857142857142857
"367","2021-03-19",56,73.1428571428571,7,4.71428571428571,6,5.71428571428571,1,0.857142857142857
"368","2021-03-20",59,67.2857142857143,0,4.14285714285714,5,5.85714285714286,0,0.857142857142857
"369","2021-03-21",71,65.7142857142857,3,3.42857142857143,4,5.42857142857143,3,1.28571428571429
"370","2021-03-22",59,61.5714285714286,3,3.28571428571429,3,5.71428571428571,2,1.28571428571429
"371","2021-03-23",48,58.5714285714286,1,3,3,4.57142857142857,0,1.28571428571429
"372","2021-03-24",35,54.1428571428571,2,2.57142857142857,4,4,0,1.14285714285714
"373","2021-03-25",38,52.2857142857143,1,2.42857142857143,7,4.57142857142857,0,0.857142857142857
"374","2021-03-26",41,50.1428571428571,1,1.57142857142857,5,4.42857142857143,1,0.857142857142857
"375","2021-03-27",32,46.2857142857143,1,1.71428571428571,5,4.42857142857143,1,1
"376","2021-03-28",27,40,1,1.42857142857143,5,4.57142857142857,1,0.714285714285714
"377","2021-03-29",27,35.4285714285714,2,1.28571428571429,5,4.85714285714286,2,0.714285714285714
"378","2021-03-30",38,34,0,1.14285714285714,2,4.71428571428571,3,1.14285714285714
"379","2021-03-31",37,34.2857142857143,0,0.857142857142857,1,4.28571428571429,0,1.14285714285714
"380","2021-04-01",29,33,2,1,1,3.42857142857143,0,1.14285714285714
"381","2021-04-02",22,30.2857142857143,5,1.57142857142857,2,3,2,1.28571428571429
"382","2021-04-03",27,29.5714285714286,1,1.57142857142857,2,2.57142857142857,1,1.28571428571429
"383","2021-04-04",25,29.2857142857143,0,1.42857142857143,1,2,1,1.28571428571429
"384","2021-04-05",11,27,1,1.28571428571429,4,1.85714285714286,2,1.28571428571429
"385","2021-04-06",23,24.8571428571429,2,1.57142857142857,2,1.85714285714286,1,1
"386","2021-04-07",25,23.1428571428571,0,1.57142857142857,2,2,2,1.28571428571429
"387","2021-04-08",31,23.4285714285714,1,1.42857142857143,2,2.14285714285714,1,1.42857142857143
"388","2021-04-09",20,23.1428571428571,2,1,2,2.14285714285714,2,1.42857142857143
"389","2021-04-10",19,22,2,1.14285714285714,3,2.28571428571429,1,1.42857142857143
"390","2021-04-11",21,21.4285714285714,0,1.14285714285714,2,2.42857142857143,1,1.42857142857143
"391","2021-04-12",27,23.7142857142857,2,1.28571428571429,0,1.85714285714286,0,1.14285714285714
"392","2021-04-13",20,23.2857142857143,0,1,0,1.57142857142857,1,1.14285714285714
"393","2021-04-14",9,21,3,1.42857142857143,3,1.71428571428571,2,1.14285714285714
"394","2021-04-15",18,19.1428571428571,1,1.42857142857143,2,1.71428571428571,1,1.14285714285714
"395","2021-04-16",16,18.5714285714286,0,1.14285714285714,1,1.57142857142857,1,1
"396","2021-04-17",21,18.8571428571429,2,1.14285714285714,1,1.28571428571429,1,1
"397","2021-04-18",16,18.1428571428571,2,1.42857142857143,0,1,0,0.857142857142857
"398","2021-04-19",16,16.5714285714286,0,1.14285714285714,1,1.14285714285714,1,1
"399","2021-04-20",17,16.1428571428571,1,1.28571428571429,1,1.28571428571429,0,0.857142857142857
"400","2021-04-21",17,17.2857142857143,1,1,3,1.28571428571429,3,1
"401","2021-04-22",15,16.8571428571429,0,0.857142857142857,0,1,2,1.14285714285714
"402","2021-04-23",19,17.2857142857143,2,1.14285714285714,2,1.14285714285714,0,1
"403","2021-04-24",7,15.2857142857143,0,0.857142857142857,0,1,1,1
"404","2021-04-25",12,14.7142857142857,1,0.714285714285714,2,1.28571428571429,0,1
"405","2021-04-26",10,13.8571428571429,1,0.857142857142857,2,1.42857142857143,1,1
"406","2021-04-27",13,13.2857142857143,0,0.714285714285714,1,1.42857142857143,1,1.14285714285714
"407","2021-04-28",15,13,0,0.571428571428571,1,1.14285714285714,0,0.714285714285714
"408","2021-04-29",13,12.7142857142857,1,0.714285714285714,0,1.14285714285714,1,0.571428571428571
"409","2021-04-30",12,11.7142857142857,0,0.428571428571429,0,0.857142857142857,0,0.571428571428571
"410","2021-05-01",8,11.8571428571429,0,0.428571428571429,0,0.857142857142857,1,0.571428571428571
"411","2021-05-02",12,11.8571428571429,1,0.428571428571429,1,0.714285714285714,0,0.571428571428571
"412","2021-05-03",10,11.8571428571429,0,0.285714285714286,0,0.428571428571429,0,0.428571428571429
"413","2021-05-04",9,11.2857142857143,1,0.428571428571429,0,0.285714285714286,0,0.285714285714286
"414","2021-05-05",13,11,0,0.428571428571429,0,0.142857142857143,0,0.285714285714286
"415","2021-05-06",7,10.1428571428571,2,0.571428571428571,0,0.142857142857143,1,0.285714285714286
"416","2021-05-07",10,9.85714285714286,2,0.857142857142857,0,0.142857142857143,0,0.285714285714286
"417","2021-05-08",9,10,0,0.857142857142857,0,0.142857142857143,0,0.142857142857143
"418","2021-05-09",8,9.42857142857143,1,0.857142857142857,0,0,0,0.142857142857143
"419","2021-05-10",10,9.42857142857143,0,0.857142857142857,0,0,0,0.142857142857143
"420","2021-05-11",14,10.1428571428571,0,0.714285714285714,0,0,1,0.285714285714286
"421","2021-05-12",9,9.57142857142857,0,0.714285714285714,2,0.285714285714286,0,0.285714285714286
"422","2021-05-13",6,9.42857142857143,0,0.428571428571429,0,0.285714285714286,1,0.285714285714286
"423","2021-05-14",3,8.42857142857143,3,0.571428571428571,0,0.285714285714286,0,0.285714285714286
"424","2021-05-15",8,8.28571428571429,0,0.571428571428571,0,0.285714285714286,0,0.285714285714286
"425","2021-05-16",6,8,0,0.428571428571429,0,0.285714285714286,2,0.571428571428571
"426","2021-05-17",6,7.42857142857143,1,0.571428571428571,1,0.428571428571429,0,0.571428571428571
"427","2021-05-18",3,5.85714285714286,2,0.857142857142857,0,0.428571428571429,1,0.571428571428571
"428","2021-05-19",3,5,2,1.14285714285714,0,0.142857142857143,0,0.571428571428571
"429","2021-05-20",6,5,0,1.14285714285714,0,0.142857142857143,0,0.428571428571429
"430","2021-05-21",9,5.85714285714286,0,0.714285714285714,0,0.142857142857143,0,0.428571428571429
"431","2021-05-22",3,5.14285714285714,0,0.714285714285714,1,0.285714285714286,0,0.428571428571429
"432","2021-05-23",8,5.42857142857143,0,0.714285714285714,1,0.428571428571429,0,0.142857142857143
"433","2021-05-24",8,5.71428571428571,1,0.714285714285714,0,0.285714285714286,0,0.142857142857143
"434","2021-05-25",6,6.14285714285714,1,0.571428571428571,0,0.285714285714286,0,0
"435","2021-05-26",12,7.42857142857143,0,0.285714285714286,1,0.428571428571429,0,0
"436","2021-05-27",8,7.71428571428571,0,0.285714285714286,1,0.571428571428571,0,0
"437","2021-05-28",6,7.28571428571429,0,0.285714285714286,1,0.714285714285714,1,0.142857142857143
"438","2021-05-29",7,7.85714285714286,0,0.285714285714286,2,0.857142857142857,0,0.142857142857143
"439","2021-05-30",8,7.85714285714286,0,0.285714285714286,1,0.857142857142857,0,0.142857142857143
"440","2021-05-31",8,7.85714285714286,0,0.142857142857143,0,0.857142857142857,0,0.142857142857143
"441","2021-06-01",3,7.42857142857143,0,0,0,0.857142857142857,1,0.285714285714286
"442","2021-06-02",12,7.42857142857143,0,0,1,0.857142857142857,0,0.285714285714286
"443","2021-06-03",10,7.71428571428571,0,0,2,1,0,0.285714285714286
"444","2021-06-04",11,8.42857142857143,0,0,1,1,0,0.142857142857143
"445","2021-06-05",6,8.28571428571429,1,0.142857142857143,0,0.714285714285714,0,0.142857142857143
"446","2021-06-06",7,8.14285714285714,0,0.142857142857143,1,0.714285714285714,0,0.142857142857143
"447","2021-06-07",5,7.71428571428571,0,0.142857142857143,1,0.857142857142857,0,0.142857142857143
"448","2021-06-08",9,8.57142857142857,0,0.142857142857143,0,0.857142857142857,1,0.142857142857143
"449","2021-06-09",6,7.71428571428571,1,0.285714285714286,2,1,0,0.142857142857143
"450","2021-06-10",9,7.57142857142857,0,0.285714285714286,2,1,0,0.142857142857143
"451","2021-06-11",6,6.85714285714286,0,0.285714285714286,0,0.857142857142857,0,0.142857142857143
"452","2021-06-12",14,8,0,0.142857142857143,0,0.857142857142857,0,0.142857142857143
"453","2021-06-13",7,8,0,0.142857142857143,3,1.14285714285714,0,0.142857142857143
"454","2021-06-14",9,8.57142857142857,0,0.142857142857143,1,1.14285714285714,0,0.142857142857143
"455","2021-06-15",15,9.42857142857143,0,0.142857142857143,6,2,0,0
"456","2021-06-16",12,10.2857142857143,0,0,1,1.85714285714286,0,0
"457","2021-06-17",5,9.71428571428571,0,0,1,1.71428571428571,0,0
"458","2021-06-18",10,10.2857142857143,0,0,2,2,0,0
"459","2021-06-19",19,11,2,0.285714285714286,2,2.28571428571429,0,0
"460","2021-06-20",22,13.1428571428571,0,0.285714285714286,3,2.28571428571429,0,0
"461","2021-06-21",13,13.7142857142857,1,0.428571428571429,2,2.42857142857143,0,0
"462","2021-06-22",9,12.8571428571429,0,0.428571428571429,4,2.14285714285714,0,0
"463","2021-06-23",6,12,1,0.571428571428571,1,2.14285714285714,0,0
"464","2021-06-24",21,14.2857142857143,0,0.571428571428571,2,2.28571428571429,0,0
"465","2021-06-25",21,15.8571428571429,0,0.571428571428571,1,2.14285714285714,0,0
"466","2021-06-26",9,14.4285714285714,0,0.285714285714286,8,3,0,0
"467","2021-06-27",19,14,0,0.285714285714286,3,3,0,0
"468","2021-06-28",10,13.5714285714286,0,0.142857142857143,3,3.14285714285714,0,0
"469","2021-06-29",20,15.1428571428571,1,0.285714285714286,3,3,0,0
"470","2021-06-30",20,17.1428571428571,0,0.142857142857143,1,3,0,0
"471","2021-07-01",22,17.2857142857143,0,0.142857142857143,2,3,1,0.142857142857143
"472","2021-07-02",25,17.8571428571429,1,0.285714285714286,2,3.14285714285714,0,0.142857142857143
"473","2021-07-03",24,20,1,0.428571428571429,4,2.57142857142857,0,0.142857142857143
"474","2021-07-04",23,20.5714285714286,0,0.428571428571429,6,3,0,0.142857142857143
"475","2021-07-05",24,22.5714285714286,0,0.428571428571429,5,3.28571428571429,0,0.142857142857143
"476","2021-07-06",20,22.5714285714286,0,0.285714285714286,13,4.71428571428571,0,0.142857142857143
"477","2021-07-07",23,23,1,0.428571428571429,5,5.28571428571429,0,0.142857142857143
"478","2021-07-08",30,24.1428571428571,0,0.428571428571429,12,6.71428571428571,0,0
"479","2021-07-09",38,26,1,0.428571428571429,7,7.42857142857143,1,0.142857142857143
"480","2021-07-10",33,27.2857142857143,1,0.428571428571429,7,7.85714285714286,1,0.285714285714286
"481","2021-07-11",26,27.7142857142857,1,0.571428571428571,6,7.85714285714286,1,0.428571428571429
"482","2021-07-12",34,29.1428571428571,0,0.571428571428571,7,8.14285714285714,0,0.428571428571429
"483","2021-07-13",38,31.7142857142857,2,0.857142857142857,10,7.71428571428571,0,0.428571428571429
"484","2021-07-14",33,33.1428571428571,2,1,8,8.14285714285714,0,0.428571428571429
"485","2021-07-15",44,35.1428571428571,1,1.14285714285714,7,7.42857142857143,0,0.428571428571429
"486","2021-07-16",41,35.5714285714286,3,1.42857142857143,5,7.14285714285714,3,0.714285714285714
"487","2021-07-17",44,37.1428571428571,1,1.42857142857143,7,7.14285714285714,0,0.571428571428571
"488","2021-07-18",57,41.5714285714286,1,1.42857142857143,8,7.42857142857143,1,0.571428571428571
"489","2021-07-19",70,46.7142857142857,2,1.71428571428571,9,7.71428571428571,1,0.714285714285714
"490","2021-07-20",49,48.2857142857143,2,1.71428571428571,6,7.14285714285714,1,0.857142857142857
"491","2021-07-21",45,50,1,1.57142857142857,8,7.14285714285714,1,1
"492","2021-07-22",65,53,1,1.57142857142857,9,7.42857142857143,2,1.28571428571429
"493","2021-07-23",72,57.4285714285714,2,1.42857142857143,7,7.71428571428571,2,1.14285714285714
"494","2021-07-24",65,60.4285714285714,3,1.71428571428571,3,7.14285714285714,2,1.42857142857143
"495","2021-07-25",64,61.4285714285714,2,1.85714285714286,5,6.71428571428571,1,1.42857142857143
"496","2021-07-26",67,61,2,1.85714285714286,7,6.42857142857143,0,1.28571428571429
"497","2021-07-27",59,62.4285714285714,3,2,8,6.71428571428571,2,1.42857142857143
"498","2021-07-28",72,66.2857142857143,4,2.42857142857143,9,6.85714285714286,3,1.71428571428571
"499","2021-07-29",68,66.7142857142857,1,2.42857142857143,6,6.42857142857143,6,2.28571428571429
"500","2021-07-30",94,69.8571428571429,0,2.14285714285714,7,6.42857142857143,5,2.71428571428571
"501","2021-07-31",77,71.5714285714286,2,2,6,6.85714285714286,5,3.14285714285714
"502","2021-08-01",75,73.1428571428571,3,2.14285714285714,10,7.57142857142857,7,4
"503","2021-08-02",68,73.2857142857143,3,2.28571428571429,7,7.57142857142857,3,4.42857142857143
"504","2021-08-03",66,74.2857142857143,4,2.42857142857143,3,6.85714285714286,1,4.28571428571429
"505","2021-08-04",71,74.1428571428571,0,1.85714285714286,6,6.42857142857143,3,4.28571428571429
"506","2021-08-05",90,77.2857142857143,1,1.85714285714286,7,6.57142857142857,4,4
"507","2021-08-06",80,75.2857142857143,2,2.14285714285714,7,6.57142857142857,5,4
"508","2021-08-07",85,76.4285714285714,1,2,6,6.57142857142857,3,3.71428571428571
"509","2021-08-08",66,75.1428571428571,0,1.57142857142857,6,6,8,3.85714285714286
"510","2021-08-09",70,75.4285714285714,2,1.42857142857143,6,5.85714285714286,3,3.85714285714286
"511","2021-08-10",69,75.8571428571429,4,1.42857142857143,5,6.14285714285714,3,4.14285714285714
"512","2021-08-11",80,77.1428571428571,0,1.42857142857143,3,5.71428571428571,5,4.42857142857143
"513","2021-08-12",92,77.4285714285714,5,2,4,5.28571428571429,6,4.71428571428571
"514","2021-08-13",90,78.8571428571429,1,1.85714285714286,10,5.71428571428571,6,4.85714285714286
"515","2021-08-14",82,78.4285714285714,4,2.28571428571429,6,5.71428571428571,4,5
"516","2021-08-15",74,79.5714285714286,5,3,6,5.71428571428571,2,4.14285714285714
"517","2021-08-16",77,80.5714285714286,0,2.71428571428571,3,5.28571428571429,4,4.28571428571429
"518","2021-08-17",98,84.7142857142857,1,2.28571428571429,4,5.14285714285714,7,4.85714285714286
"519","2021-08-18",82,85,2,2.57142857142857,7,5.71428571428571,11,5.71428571428571
"520","2021-08-19",93,85.1428571428571,2,2.14285714285714,7,6.14285714285714,7,5.85714285714286
"521","2021-08-20",101,86.7142857142857,4,2.57142857142857,7,5.71428571428571,5,5.71428571428571
"522","2021-08-21",89,87.7142857142857,0,2,5,5.57142857142857,12,6.85714285714286
"523","2021-08-22",104,92,1,1.42857142857143,4,5.28571428571429,10,8
"524","2021-08-23",97,94.8571428571429,3,1.85714285714286,7,5.85714285714286,8,8.57142857142857
"525","2021-08-24",104,95.7142857142857,1,1.85714285714286,4,5.85714285714286,5,8.28571428571429
"526","2021-08-25",88,96.5714285714286,5,2.28571428571429,5,5.57142857142857,4,7.28571428571429
"527","2021-08-26",105,98.2857142857143,1,2.14285714285714,5,5.28571428571429,5,7
"528","2021-08-27",106,99,6,2.42857142857143,10,5.71428571428571,5,7
"529","2021-08-28",105,101.285714285714,3,2.85714285714286,8,6.14285714285714,10,6.71428571428571
"530","2021-08-29",107,101.714285714286,6,3.57142857142857,8,6.71428571428571,8,6.42857142857143
"531","2021-08-30",91,100.857142857143,3,3.57142857142857,6,6.57142857142857,7,6.28571428571429
"532","2021-08-31",95,99.5714285714286,4,4,10,7.42857142857143,7,6.57142857142857
"533","2021-09-01",96,100.714285714286,1,3.42857142857143,8,7.85714285714286,13,7.85714285714286
"534","2021-09-02",101,100.142857142857,9,4.57142857142857,11,8.71428571428571,8,8.28571428571429
"535","2021-09-03",125,102.857142857143,5,4.42857142857143,11,8.85714285714286,6,8.42857142857143
"536","2021-09-04",111,103.714285714286,6,4.85714285714286,10,9.14285714285714,7,8
"537","2021-09-05",118,105.285714285714,10,5.42857142857143,16,10.2857142857143,13,8.71428571428571
"538","2021-09-06",122,109.714285714286,3,5.42857142857143,10,10.8571428571429,4,8.28571428571429
"539","2021-09-07",124,113.857142857143,8,6,18,12,5,8
"540","2021-09-08",115,116.571428571429,6,6.71428571428571,10,12.2857142857143,10,7.57142857142857
"541","2021-09-09",132,121,11,7,17,13.1428571428571,6,7.28571428571429
"542","2021-09-10",110,118.857142857143,10,7.71428571428571,25,15.1428571428571,1,6.57142857142857
"543","2021-09-11",105,118,7,7.85714285714286,20,16.5714285714286,6,6.42857142857143
"544","2021-09-12",106,116.285714285714,7,7.42857142857143,22,17.4285714285714,8,5.71428571428571
"545","2021-09-13",72,109.142857142857,7,8,21,19,10,6.57142857142857
"546","2021-09-14",118,108.285714285714,6,7.71428571428571,20,19.2857142857143,10,7.28571428571429
"547","2021-09-15",103,106.571428571429,15,9,23,21.1428571428571,3,6.28571428571429
"548","2021-09-16",115,104.142857142857,14,9.42857142857143,16,21,7,6.42857142857143
"549","2021-09-17",128,106.714285714286,15,10.1428571428571,24,20.8571428571429,10,7.71428571428571
"550","2021-09-18",93,105,5,9.85714285714286,21,21,4,7.42857142857143
"551","2021-09-19",90,102.714285714286,3,9.28571428571429,27,21.7142857142857,5,7
"552","2021-09-20",105,107.428571428571,8,9.42857142857143,20,21.5714285714286,4,6.14285714285714
"553","2021-09-21",93,103.857142857143,3,9,21,21.7142857142857,4,5.28571428571429
"554","2021-09-22",106,104.285714285714,5,7.57142857142857,31,22.8571428571429,9,6.14285714285714
"555","2021-09-23",104,102.714285714286,8,6.71428571428571,19,23.2857142857143,8,6.28571428571429
"556","2021-09-24",92,97.5714285714286,5,5.28571428571429,22,23,6,5.71428571428571
"557","2021-09-25",92,97.4285714285714,7,5.57142857142857,21,23,5,5.85714285714286
"558","2021-09-26",68,94.2857142857143,5,5.85714285714286,20,22,4,5.71428571428571
"559","2021-09-27",79,90.5714285714286,9,6,24,22.5714285714286,4,5.71428571428571
"560","2021-09-28",79,88.5714285714286,10,7,16,21.8571428571429,3,5.57142857142857
"561","2021-09-29",85,85.5714285714286,12,8,25,21,3,4.71428571428571
"562","2021-09-30",81,82.2857142857143,11,8.42857142857143,16,20.5714285714286,5,4.28571428571429
"563","2021-10-01",98,83.1428571428571,10,9.14285714285714,19,20.1428571428571,2,3.71428571428571
"564","2021-10-02",75,80.7142857142857,8,9.28571428571429,23,20.4285714285714,4,3.57142857142857
"565","2021-10-03",75,81.7142857142857,5,9.28571428571429,15,19.7142857142857,1,3.14285714285714
"566","2021-10-04",82,82.1428571428571,4,8.57142857142857,14,18.2857142857143,3,3
"567","2021-10-05",87,83.2857142857143,7,8.14285714285714,23,19.2857142857143,3,3
"568","2021-10-06",76,82,12,8.14285714285714,13,17.5714285714286,2,2.85714285714286
"569","2021-10-07",92,83.5714285714286,9,7.85714285714286,19,18,3,2.57142857142857
"570","2021-10-08",96,83.2857142857143,6,7.28571428571429,14,17.2857142857143,4,2.85714285714286
"571","2021-10-09",92,85.7142857142857,3,6.57142857142857,17,16.4285714285714,5,3
"572","2021-10-10",70,85,10,7.28571428571429,14,16.2857142857143,2,3.14285714285714
"573","2021-10-11",93,86.5714285714286,5,7.42857142857143,22,17.4285714285714,5,3.42857142857143
"574","2021-10-12",87,86.5714285714286,9,7.71428571428571,16,16.4285714285714,3,3.42857142857143
"575","2021-10-13",89,88.4285714285714,7,7,19,17.2857142857143,5,3.85714285714286
"576","2021-10-14",110,91,14,7.71428571428571,20,17.4285714285714,5,4.14285714285714
"577","2021-10-15",107,92.5714285714286,12,8.57142857142857,16,17.7142857142857,4,4.14285714285714
"578","2021-10-16",97,93.2857142857143,12,9.85714285714286,18,17.8571428571429,6,4.28571428571429
"579","2021-10-17",104,98.1428571428571,8,9.57142857142857,15,18,2,4.28571428571429
"580","2021-10-18",95,98.4285714285714,8,10,15,17,9,4.85714285714286
"581","2021-10-19",103,100.714285714286,11,10.2857142857143,9,16,5,5.14285714285714
"582","2021-10-20",119,105,16,11.5714285714286,16,15.5714285714286,3,4.85714285714286
"583","2021-10-21",114,105.571428571429,15,11.7142857142857,22,15.8571428571429,7,5.14285714285714
"584","2021-10-22",104,105.142857142857,5,10.7142857142857,16,15.8571428571429,11,6.14285714285714
"585","2021-10-23",132,110.142857142857,4,9.57142857142857,23,16.5714285714286,6,6.14285714285714
"586","2021-10-24",119,112.285714285714,9,9.71428571428571,21,17.4285714285714,3,6.28571428571429
"587","2021-10-25",115,115.142857142857,5,9.28571428571429,8,16.4285714285714,5,5.71428571428571
"588","2021-10-26",131,119.142857142857,10,9.14285714285714,19,17.8571428571429,4,5.57142857142857
"589","2021-10-27",133,121.142857142857,7,7.85714285714286,14,17.5714285714286,7,6.14285714285714
"590","2021-10-28",155,127,12,7.42857142857143,20,17.2857142857143,6,6
"591","2021-10-29",130,130.714285714286,12,8.42857142857143,19,17.7142857142857,10,5.85714285714286
"592","2021-10-30",133,130.857142857143,12,9.57142857142857,16,16.7142857142857,8,6.14285714285714
"593","2021-10-31",155,136,11,9.85714285714286,16,16,6,6.57142857142857
"594","2021-11-01",137,139.142857142857,9,10.4285714285714,27,18.7142857142857,4,6.42857142857143
"595","2021-11-02",128,138.714285714286,9,10.2857142857143,13,17.8571428571429,8,7
"596","2021-11-03",129,138.142857142857,8,10.4285714285714,16,18.1428571428571,12,7.71428571428571
"597","2021-11-04",120,133.142857142857,8,9.85714285714286,22,18.4285714285714,6,7.71428571428571
"598","2021-11-05",126,132.571428571429,11,9.71428571428571,17,18.1428571428571,4,6.85714285714286
"599","2021-11-06",138,133.285714285714,7,9,17,18.2857142857143,6,6.57142857142857
"600","2021-11-07",135,130.428571428571,12,9.14285714285714,12,17.7142857142857,7,6.71428571428571
"601","2021-11-08",128,129.142857142857,9,9.14285714285714,12,15.5714285714286,7,7.14285714285714
"602","2021-11-09",125,128.714285714286,10,9.28571428571429,6,14.5714285714286,8,7.14285714285714
"603","2021-11-10",118,127.142857142857,10,9.57142857142857,14,14.2857142857143,6,6.28571428571429
"604","2021-11-11",121,127.285714285714,9,9.71428571428571,8,12.2857142857143,5,6.14285714285714
"605","2021-11-12",119,126.285714285714,9,9.42857142857143,17,12.2857142857143,4,6.14285714285714
"606","2021-11-13",110,122.285714285714,11,10,10,11.2857142857143,4,5.85714285714286
"607","2021-11-14",103,117.714285714286,5,9,15,11.7142857142857,3,5.28571428571429
"608","2021-11-15",137,119,12,9.42857142857143,19,12.7142857142857,6,5.14285714285714
"609","2021-11-16",130,119.714285714286,5,8.71428571428571,5,12.5714285714286,12,5.71428571428571
"610","2021-11-17",99,117,10,8.71428571428571,12,12.2857142857143,5,5.57142857142857
"611","2021-11-18",113,115.857142857143,5,8.14285714285714,9,12.4285714285714,9,6.14285714285714
"612","2021-11-19",104,113.714285714286,9,8.14285714285714,9,11.2857142857143,2,5.85714285714286
"613","2021-11-20",100,112.285714285714,11,8.14285714285714,10,11.2857142857143,9,6.57142857142857
"614","2021-11-21",89,110.285714285714,4,8,9,10.4285714285714,3,6.57142857142857
"615","2021-11-22",93,104,6,7.14285714285714,15,9.85714285714286,4,6.28571428571429
"616","2021-11-23",120,102.571428571429,4,7,11,10.7142857142857,7,5.57142857142857
"617","2021-11-24",98,102.428571428571,8,6.71428571428571,6,9.85714285714286,4,5.42857142857143
"618","2021-11-25",111,102.142857142857,7,7,10,10,9,5.42857142857143
"619","2021-11-26",107,102.571428571429,7,6.71428571428571,15,10.8571428571429,3,5.57142857142857
"620","2021-11-27",87,100.714285714286,4,5.71428571428571,13,11.2857142857143,3,4.71428571428571
"621","2021-11-28",91,101,6,6,16,12.2857142857143,5,5
"622","2021-11-29",106,102.857142857143,3,5.57142857142857,11,11.7142857142857,2,4.71428571428571
"623","2021-11-30",88,98.2857142857143,3,5.42857142857143,3,10.5714285714286,2,4
"624","2021-12-01",104,99.1428571428571,5,5,14,11.7142857142857,2,3.71428571428571
"625","2021-12-02",84,95.2857142857143,7,5,12,12,4,3
"626","2021-12-03",111,95.8571428571429,5,4.71428571428571,7,10.8571428571429,6,3.42857142857143
"627","2021-12-04",118,100.285714285714,9,5.42857142857143,12,10.7142857142857,7,4
"628","2021-12-05",91,100.285714285714,10,6,8,9.57142857142857,2,3.57142857142857
"629","2021-12-06",112,101.142857142857,8,6.71428571428571,13,9.85714285714286,5,4
"630","2021-12-07",94,102,4,6.85714285714286,18,12,5,4.42857142857143
"631","2021-12-08",97,101,2,6.42857142857143,10,11.4285714285714,3,4.57142857142857
"632","2021-12-09",103,103.714285714286,9,6.71428571428571,9,11,4,4.57142857142857
"633","2021-12-10",91,100.857142857143,4,6.57142857142857,7,11,2,4
"634","2021-12-11",78,95.1428571428571,6,6.14285714285714,8,10.4285714285714,3,3.42857142857143
"635","2021-12-12",104,97,5,5.42857142857143,8,10.4285714285714,3,3.57142857142857
"636","2021-12-13",91,94,3,4.71428571428571,5,9.28571428571429,3,3.28571428571429
"637","2021-12-14",111,96.4285714285714,5,4.85714285714286,8,7.85714285714286,5,3.28571428571429
"638","2021-12-15",94,96,6,5.42857142857143,6,7.28571428571429,6,3.71428571428571
"639","2021-12-16",90,94.1428571428571,6,5,7,7,3,3.57142857142857
"640","2021-12-17",113,97.2857142857143,4,5,6,6.85714285714286,5,4
"641","2021-12-18",92,99.2857142857143,7,5.14285714285714,7,6.71428571428571,2,3.85714285714286
"642","2021-12-19",90,97.2857142857143,3,4.85714285714286,6,6.42857142857143,1,3.57142857142857
"643","2021-12-20",100,98.5714285714286,7,5.42857142857143,11,7.28571428571429,4,3.71428571428571
"644","2021-12-21",88,95.2857142857143,1,4.85714285714286,9,7.42857142857143,2,3.28571428571429
"645","2021-12-22",115,98.2857142857143,3,4.42857142857143,7,7.57142857142857,1,2.57142857142857
"646","2021-12-23",121,102.714285714286,1,3.71428571428571,5,7.28571428571429,3,2.57142857142857
"647","2021-12-24",115,103,7,4.14285714285714,5,7.14285714285714,0,1.85714285714286
"648","2021-12-25",90,102.714285714286,1,3.28571428571429,8,7.28571428571429,4,2.14285714285714
"649","2021-12-26",108,105.285714285714,5,3.57142857142857,2,6.71428571428571,2,2.28571428571429
"650","2021-12-27",124,108.714285714286,4,3.14285714285714,9,6.42857142857143,3,2.14285714285714
"651","2021-12-28",146,117,4,3.57142857142857,14,7.14285714285714,4,2.42857142857143
"652","2021-12-29",102,115.142857142857,8,4.28571428571429,9,7.42857142857143,4,2.85714285714286
"653","2021-12-30",175,122.857142857143,6,5,10,8.14285714285714,0,2.42857142857143
"654","2021-12-31",148,127.571428571429,8,5.14285714285714,9,8.71428571428571,3,2.85714285714286
"655","2022-01-01",162,137.857142857143,5,5.71428571428571,9,8.85714285714286,4,2.85714285714286
"656","2022-01-02",154,144.428571428571,10,6.42857142857143,7,9.57142857142857,4,3.14285714285714
"657","2022-01-03",160,149.571428571429,8,7,7,9.28571428571429,3,3.14285714285714
"658","2022-01-04",178,154.142857142857,15,8.57142857142857,19,10,5,3.28571428571429
"659","2022-01-05",194,167.285714285714,5,8.14285714285714,10,10.1428571428571,3,3.14285714285714
"660","2022-01-06",220,173.714285714286,13,9.14285714285714,19,11.4285714285714,2,3.42857142857143
"661","2022-01-07",230,185.428571428571,6,8.85714285714286,10,11.5714285714286,3,3.42857142857143
"662","2022-01-08",217,193.285714285714,6,9,14,12.2857142857143,2,3.14285714285714
"663","2022-01-09",231,204.285714285714,11,9.14285714285714,18,13.8571428571429,7,3.57142857142857
"664","2022-01-10",249,217,10,9.42857142857143,19,15.5714285714286,0,3.14285714285714
"665","2022-01-11",246,226.714285714286,6,8.14285714285714,14,14.8571428571429,0,2.42857142857143
"666","2022-01-12",221,230.571428571429,6,8.28571428571429,16,15.7142857142857,11,3.57142857142857
"667","2022-01-13",235,232.714285714286,11,8,30,17.2857142857143,8,4.42857142857143
"668","2022-01-14",247,235.142857142857,5,7.85714285714286,18,18.4285714285714,2,4.28571428571429
"669","2022-01-15",252,240.142857142857,12,8.71428571428571,24,19.8571428571429,2,4.28571428571429
"670","2022-01-16",248,242.571428571429,15,9.28571428571429,21,20.2857142857143,6,4.14285714285714
"671","2022-01-17",256,243.571428571429,14,9.85714285714286,18,20.1428571428571,3,4.57142857142857
"672","2022-01-18",245,243.428571428571,11,10.5714285714286,17,20.5714285714286,6,5.42857142857143
"673","2022-01-19",240,246.142857142857,9,11,23,21.5714285714286,4,4.42857142857143
"674","2022-01-20",225,244.714285714286,3,9.85714285714286,18,19.8571428571429,4,3.85714285714286
"675","2022-01-21",273,248.428571428571,7,10.1428571428571,21,20.2857142857143,4,4.14285714285714
"676","2022-01-22",250,248.142857142857,6,9.28571428571429,13,18.7142857142857,7,4.85714285714286
"677","2022-01-23",221,244.285714285714,7,8.14285714285714,20,18.5714285714286,2,4.28571428571429
"678","2022-01-24",252,243.714285714286,7,7.14285714285714,17,18.4285714285714,5,4.57142857142857
"679","2022-01-25",208,238.428571428571,7,6.57142857142857,16,18.2857142857143,7,4.71428571428571
"680","2022-01-26",233,237.428571428571,8,6.42857142857143,14,17,3,4.57142857142857
"681","2022-01-27",258,242.142857142857,6,6.85714285714286,21,17.4285714285714,11,5.57142857142857
"682","2022-01-28",220,234.571428571429,8,7,21,17.4285714285714,5,5.71428571428571
"683","2022-01-29",234,232.285714285714,4,6.71428571428571,14,17.5714285714286,3,5.14285714285714
"684","2022-01-30",216,231.571428571429,8,6.85714285714286,13,16.5714285714286,3,5.28571428571429
"685","2022-01-31",215,226.285714285714,9,7.14285714285714,11,15.7142857142857,4,5.14285714285714
"686","2022-02-01",215,227.285714285714,8,7.28571428571429,19,16.1428571428571,6,5
"687","2022-02-02",196,222,6,7,10,15.5714285714286,3,5
"688","2022-02-03",182,211.142857142857,7,7.14285714285714,13,14.4285714285714,2,3.71428571428571
"689","2022-02-04",155,201.857142857143,9,7.28571428571429,5,12.1428571428571,1,3.14285714285714
"690","2022-02-05",143,188.857142857143,4,7.28571428571429,9,11.4285714285714,3,3.14285714285714
"691","2022-02-06",133,177,7,7.14285714285714,7,10.5714285714286,2,3
"692","2022-02-07",126,164.285714285714,9,7.14285714285714,5,9.71428571428571,4,3
"693","2022-02-08",119,150.571428571429,6,6.85714285714286,4,7.57142857142857,5,2.85714285714286
"694","2022-02-09",85,134.714285714286,1,6.14285714285714,0,6.14285714285714,5,3.14285714285714
"695","2022-02-10",30,113,0,5.14285714285714,0,4.28571428571429,1,3
